Date,Hour,Daily Peak Probability
1/1/2008,1,0.041666666666666664
1/1/2008,2,0.041666666666666664
1/1/2008,3,0.041666666666666664
1/1/2008,4,0.041666666666666664
1/1/2008,5,0.041666666666666664
1/1/2008,6,0.041666666666666664
1/1/2008,7,0.08947368421052632
1/1/2008,8,0.5736842105263158
1/1/2008,9,0.015789473684210527
1/1/2008,10,0.041666666666666664
1/1/2008,11,0.005263157894736842
1/1/2008,12,0.005263157894736842
1/1/2008,13,0.041666666666666664
1/1/2008,14,0.041666666666666664
1/1/2008,15,0.041666666666666664
1/1/2008,16,0.041666666666666664
1/1/2008,17,0.041666666666666664
1/1/2008,18,0.041666666666666664
1/1/2008,19,0.1
1/1/2008,20,0.11578947368421053
1/1/2008,21,0.09473684210526316
1/1/2008,22,0.041666666666666664
1/1/2008,23,0.041666666666666664
1/1/2008,24,0.041666666666666664
1/2/2008,1,0.041666666666666664
1/2/2008,2,0.041666666666666664
1/2/2008,3,0.041666666666666664
1/2/2008,4,0.041666666666666664
1/2/2008,5,0.041666666666666664
1/2/2008,6,0.041666666666666664
1/2/2008,7,0.08947368421052632
1/2/2008,8,0.5736842105263158
1/2/2008,9,0.015789473684210527
1/2/2008,10,0.041666666666666664
1/2/2008,11,0.005263157894736842
1/2/2008,12,0.005263157894736842
1/2/2008,13,0.041666666666666664
1/2/2008,14,0.041666666666666664
1/2/2008,15,0.041666666666666664
1/2/2008,16,0.041666666666666664
1/2/2008,17,0.041666666666666664
1/2/2008,18,0.041666666666666664
1/2/2008,19,0.1
1/2/2008,20,0.11578947368421053
1/2/2008,21,0.09473684210526316
1/2/2008,22,0.041666666666666664
1/2/2008,23,0.041666666666666664
1/2/2008,24,0.041666666666666664
1/3/2008,1,0.041666666666666664
1/3/2008,2,0.041666666666666664
1/3/2008,3,0.041666666666666664
1/3/2008,4,0.041666666666666664
1/3/2008,5,0.041666666666666664
1/3/2008,6,0.041666666666666664
1/3/2008,7,0.08947368421052632
1/3/2008,8,0.5736842105263158
1/3/2008,9,0.015789473684210527
1/3/2008,10,0.041666666666666664
1/3/2008,11,0.005263157894736842
1/3/2008,12,0.005263157894736842
1/3/2008,13,0.041666666666666664
1/3/2008,14,0.041666666666666664
1/3/2008,15,0.041666666666666664
1/3/2008,16,0.041666666666666664
1/3/2008,17,0.041666666666666664
1/3/2008,18,0.041666666666666664
1/3/2008,19,0.1
1/3/2008,20,0.11578947368421053
1/3/2008,21,0.09473684210526316
1/3/2008,22,0.041666666666666664
1/3/2008,23,0.041666666666666664
1/3/2008,24,0.041666666666666664
1/4/2008,1,0.041666666666666664
1/4/2008,2,0.041666666666666664
1/4/2008,3,0.041666666666666664
1/4/2008,4,0.041666666666666664
1/4/2008,5,0.041666666666666664
1/4/2008,6,0.041666666666666664
1/4/2008,7,0.08947368421052632
1/4/2008,8,0.5736842105263158
1/4/2008,9,0.015789473684210527
1/4/2008,10,0.041666666666666664
1/4/2008,11,0.005263157894736842
1/4/2008,12,0.005263157894736842
1/4/2008,13,0.041666666666666664
1/4/2008,14,0.041666666666666664
1/4/2008,15,0.041666666666666664
1/4/2008,16,0.041666666666666664
1/4/2008,17,0.041666666666666664
1/4/2008,18,0.041666666666666664
1/4/2008,19,0.1
1/4/2008,20,0.11578947368421053
1/4/2008,21,0.09473684210526316
1/4/2008,22,0.041666666666666664
1/4/2008,23,0.041666666666666664
1/4/2008,24,0.041666666666666664
1/5/2008,1,0.041666666666666664
1/5/2008,2,0.041666666666666664
1/5/2008,3,0.041666666666666664
1/5/2008,4,0.041666666666666664
1/5/2008,5,0.041666666666666664
1/5/2008,6,0.041666666666666664
1/5/2008,7,0.041666666666666664
1/5/2008,8,0.05
1/5/2008,9,0.4125
1/5/2008,10,0.1375
1/5/2008,11,0.025
1/5/2008,12,0.0125
1/5/2008,13,0.041666666666666664
1/5/2008,14,0.041666666666666664
1/5/2008,15,0.041666666666666664
1/5/2008,16,0.041666666666666664
1/5/2008,17,0.041666666666666664
1/5/2008,18,0.041666666666666664
1/5/2008,19,0.1375
1/5/2008,20,0.0875
1/5/2008,21,0.125
1/5/2008,22,0.0125
1/5/2008,23,0.041666666666666664
1/5/2008,24,0.041666666666666664
1/6/2008,1,0.041666666666666664
1/6/2008,2,0.041666666666666664
1/6/2008,3,0.041666666666666664
1/6/2008,4,0.041666666666666664
1/6/2008,5,0.041666666666666664
1/6/2008,6,0.041666666666666664
1/6/2008,7,0.041666666666666664
1/6/2008,8,0.05
1/6/2008,9,0.4125
1/6/2008,10,0.1375
1/6/2008,11,0.025
1/6/2008,12,0.0125
1/6/2008,13,0.041666666666666664
1/6/2008,14,0.041666666666666664
1/6/2008,15,0.041666666666666664
1/6/2008,16,0.041666666666666664
1/6/2008,17,0.041666666666666664
1/6/2008,18,0.041666666666666664
1/6/2008,19,0.1375
1/6/2008,20,0.0875
1/6/2008,21,0.125
1/6/2008,22,0.0125
1/6/2008,23,0.041666666666666664
1/6/2008,24,0.041666666666666664
1/7/2008,1,0.041666666666666664
1/7/2008,2,0.041666666666666664
1/7/2008,3,0.041666666666666664
1/7/2008,4,0.041666666666666664
1/7/2008,5,0.041666666666666664
1/7/2008,6,0.041666666666666664
1/7/2008,7,0.08947368421052632
1/7/2008,8,0.5736842105263158
1/7/2008,9,0.015789473684210527
1/7/2008,10,0.041666666666666664
1/7/2008,11,0.005263157894736842
1/7/2008,12,0.005263157894736842
1/7/2008,13,0.041666666666666664
1/7/2008,14,0.041666666666666664
1/7/2008,15,0.041666666666666664
1/7/2008,16,0.041666666666666664
1/7/2008,17,0.041666666666666664
1/7/2008,18,0.041666666666666664
1/7/2008,19,0.1
1/7/2008,20,0.11578947368421053
1/7/2008,21,0.09473684210526316
1/7/2008,22,0.041666666666666664
1/7/2008,23,0.041666666666666664
1/7/2008,24,0.041666666666666664
1/8/2008,1,0.041666666666666664
1/8/2008,2,0.041666666666666664
1/8/2008,3,0.041666666666666664
1/8/2008,4,0.041666666666666664
1/8/2008,5,0.041666666666666664
1/8/2008,6,0.041666666666666664
1/8/2008,7,0.08947368421052632
1/8/2008,8,0.5736842105263158
1/8/2008,9,0.015789473684210527
1/8/2008,10,0.041666666666666664
1/8/2008,11,0.005263157894736842
1/8/2008,12,0.005263157894736842
1/8/2008,13,0.041666666666666664
1/8/2008,14,0.041666666666666664
1/8/2008,15,0.041666666666666664
1/8/2008,16,0.041666666666666664
1/8/2008,17,0.041666666666666664
1/8/2008,18,0.041666666666666664
1/8/2008,19,0.1
1/8/2008,20,0.11578947368421053
1/8/2008,21,0.09473684210526316
1/8/2008,22,0.041666666666666664
1/8/2008,23,0.041666666666666664
1/8/2008,24,0.041666666666666664
1/9/2008,1,0.041666666666666664
1/9/2008,2,0.041666666666666664
1/9/2008,3,0.041666666666666664
1/9/2008,4,0.041666666666666664
1/9/2008,5,0.041666666666666664
1/9/2008,6,0.041666666666666664
1/9/2008,7,0.08947368421052632
1/9/2008,8,0.5736842105263158
1/9/2008,9,0.015789473684210527
1/9/2008,10,0.041666666666666664
1/9/2008,11,0.005263157894736842
1/9/2008,12,0.005263157894736842
1/9/2008,13,0.041666666666666664
1/9/2008,14,0.041666666666666664
1/9/2008,15,0.041666666666666664
1/9/2008,16,0.041666666666666664
1/9/2008,17,0.041666666666666664
1/9/2008,18,0.041666666666666664
1/9/2008,19,0.1
1/9/2008,20,0.11578947368421053
1/9/2008,21,0.09473684210526316
1/9/2008,22,0.041666666666666664
1/9/2008,23,0.041666666666666664
1/9/2008,24,0.041666666666666664
1/10/2008,1,0.041666666666666664
1/10/2008,2,0.041666666666666664
1/10/2008,3,0.041666666666666664
1/10/2008,4,0.041666666666666664
1/10/2008,5,0.041666666666666664
1/10/2008,6,0.041666666666666664
1/10/2008,7,0.08947368421052632
1/10/2008,8,0.5736842105263158
1/10/2008,9,0.015789473684210527
1/10/2008,10,0.041666666666666664
1/10/2008,11,0.005263157894736842
1/10/2008,12,0.005263157894736842
1/10/2008,13,0.041666666666666664
1/10/2008,14,0.041666666666666664
1/10/2008,15,0.041666666666666664
1/10/2008,16,0.041666666666666664
1/10/2008,17,0.041666666666666664
1/10/2008,18,0.041666666666666664
1/10/2008,19,0.1
1/10/2008,20,0.11578947368421053
1/10/2008,21,0.09473684210526316
1/10/2008,22,0.041666666666666664
1/10/2008,23,0.041666666666666664
1/10/2008,24,0.041666666666666664
1/11/2008,1,0.041666666666666664
1/11/2008,2,0.041666666666666664
1/11/2008,3,0.041666666666666664
1/11/2008,4,0.041666666666666664
1/11/2008,5,0.041666666666666664
1/11/2008,6,0.041666666666666664
1/11/2008,7,0.08947368421052632
1/11/2008,8,0.5736842105263158
1/11/2008,9,0.015789473684210527
1/11/2008,10,0.041666666666666664
1/11/2008,11,0.005263157894736842
1/11/2008,12,0.005263157894736842
1/11/2008,13,0.041666666666666664
1/11/2008,14,0.041666666666666664
1/11/2008,15,0.041666666666666664
1/11/2008,16,0.041666666666666664
1/11/2008,17,0.041666666666666664
1/11/2008,18,0.041666666666666664
1/11/2008,19,0.1
1/11/2008,20,0.11578947368421053
1/11/2008,21,0.09473684210526316
1/11/2008,22,0.041666666666666664
1/11/2008,23,0.041666666666666664
1/11/2008,24,0.041666666666666664
1/12/2008,1,0.041666666666666664
1/12/2008,2,0.041666666666666664
1/12/2008,3,0.041666666666666664
1/12/2008,4,0.041666666666666664
1/12/2008,5,0.041666666666666664
1/12/2008,6,0.041666666666666664
1/12/2008,7,0.041666666666666664
1/12/2008,8,0.05
1/12/2008,9,0.4125
1/12/2008,10,0.1375
1/12/2008,11,0.025
1/12/2008,12,0.0125
1/12/2008,13,0.041666666666666664
1/12/2008,14,0.041666666666666664
1/12/2008,15,0.041666666666666664
1/12/2008,16,0.041666666666666664
1/12/2008,17,0.041666666666666664
1/12/2008,18,0.041666666666666664
1/12/2008,19,0.1375
1/12/2008,20,0.0875
1/12/2008,21,0.125
1/12/2008,22,0.0125
1/12/2008,23,0.041666666666666664
1/12/2008,24,0.041666666666666664
1/13/2008,1,0.041666666666666664
1/13/2008,2,0.041666666666666664
1/13/2008,3,0.041666666666666664
1/13/2008,4,0.041666666666666664
1/13/2008,5,0.041666666666666664
1/13/2008,6,0.041666666666666664
1/13/2008,7,0.041666666666666664
1/13/2008,8,0.05
1/13/2008,9,0.4125
1/13/2008,10,0.1375
1/13/2008,11,0.025
1/13/2008,12,0.0125
1/13/2008,13,0.041666666666666664
1/13/2008,14,0.041666666666666664
1/13/2008,15,0.041666666666666664
1/13/2008,16,0.041666666666666664
1/13/2008,17,0.041666666666666664
1/13/2008,18,0.041666666666666664
1/13/2008,19,0.1375
1/13/2008,20,0.0875
1/13/2008,21,0.125
1/13/2008,22,0.0125
1/13/2008,23,0.041666666666666664
1/13/2008,24,0.041666666666666664
1/14/2008,1,0.041666666666666664
1/14/2008,2,0.041666666666666664
1/14/2008,3,0.041666666666666664
1/14/2008,4,0.041666666666666664
1/14/2008,5,0.041666666666666664
1/14/2008,6,0.041666666666666664
1/14/2008,7,0.08947368421052632
1/14/2008,8,0.5736842105263158
1/14/2008,9,0.015789473684210527
1/14/2008,10,0.041666666666666664
1/14/2008,11,0.005263157894736842
1/14/2008,12,0.005263157894736842
1/14/2008,13,0.041666666666666664
1/14/2008,14,0.041666666666666664
1/14/2008,15,0.041666666666666664
1/14/2008,16,0.041666666666666664
1/14/2008,17,0.041666666666666664
1/14/2008,18,0.041666666666666664
1/14/2008,19,0.1
1/14/2008,20,0.11578947368421053
1/14/2008,21,0.09473684210526316
1/14/2008,22,0.041666666666666664
1/14/2008,23,0.041666666666666664
1/14/2008,24,0.041666666666666664
1/15/2008,1,0.041666666666666664
1/15/2008,2,0.041666666666666664
1/15/2008,3,0.041666666666666664
1/15/2008,4,0.041666666666666664
1/15/2008,5,0.041666666666666664
1/15/2008,6,0.041666666666666664
1/15/2008,7,0.08947368421052632
1/15/2008,8,0.5736842105263158
1/15/2008,9,0.015789473684210527
1/15/2008,10,0.041666666666666664
1/15/2008,11,0.005263157894736842
1/15/2008,12,0.005263157894736842
1/15/2008,13,0.041666666666666664
1/15/2008,14,0.041666666666666664
1/15/2008,15,0.041666666666666664
1/15/2008,16,0.041666666666666664
1/15/2008,17,0.041666666666666664
1/15/2008,18,0.041666666666666664
1/15/2008,19,0.1
1/15/2008,20,0.11578947368421053
1/15/2008,21,0.09473684210526316
1/15/2008,22,0.041666666666666664
1/15/2008,23,0.041666666666666664
1/15/2008,24,0.041666666666666664
1/16/2008,1,0.041666666666666664
1/16/2008,2,0.041666666666666664
1/16/2008,3,0.041666666666666664
1/16/2008,4,0.041666666666666664
1/16/2008,5,0.041666666666666664
1/16/2008,6,0.041666666666666664
1/16/2008,7,0.08947368421052632
1/16/2008,8,0.5736842105263158
1/16/2008,9,0.015789473684210527
1/16/2008,10,0.041666666666666664
1/16/2008,11,0.005263157894736842
1/16/2008,12,0.005263157894736842
1/16/2008,13,0.041666666666666664
1/16/2008,14,0.041666666666666664
1/16/2008,15,0.041666666666666664
1/16/2008,16,0.041666666666666664
1/16/2008,17,0.041666666666666664
1/16/2008,18,0.041666666666666664
1/16/2008,19,0.1
1/16/2008,20,0.11578947368421053
1/16/2008,21,0.09473684210526316
1/16/2008,22,0.041666666666666664
1/16/2008,23,0.041666666666666664
1/16/2008,24,0.041666666666666664
1/17/2008,1,0.041666666666666664
1/17/2008,2,0.041666666666666664
1/17/2008,3,0.041666666666666664
1/17/2008,4,0.041666666666666664
1/17/2008,5,0.041666666666666664
1/17/2008,6,0.041666666666666664
1/17/2008,7,0.08947368421052632
1/17/2008,8,0.5736842105263158
1/17/2008,9,0.015789473684210527
1/17/2008,10,0.041666666666666664
1/17/2008,11,0.005263157894736842
1/17/2008,12,0.005263157894736842
1/17/2008,13,0.041666666666666664
1/17/2008,14,0.041666666666666664
1/17/2008,15,0.041666666666666664
1/17/2008,16,0.041666666666666664
1/17/2008,17,0.041666666666666664
1/17/2008,18,0.041666666666666664
1/17/2008,19,0.1
1/17/2008,20,0.11578947368421053
1/17/2008,21,0.09473684210526316
1/17/2008,22,0.041666666666666664
1/17/2008,23,0.041666666666666664
1/17/2008,24,0.041666666666666664
1/18/2008,1,0.041666666666666664
1/18/2008,2,0.041666666666666664
1/18/2008,3,0.041666666666666664
1/18/2008,4,0.041666666666666664
1/18/2008,5,0.041666666666666664
1/18/2008,6,0.041666666666666664
1/18/2008,7,0.08947368421052632
1/18/2008,8,0.5736842105263158
1/18/2008,9,0.015789473684210527
1/18/2008,10,0.041666666666666664
1/18/2008,11,0.005263157894736842
1/18/2008,12,0.005263157894736842
1/18/2008,13,0.041666666666666664
1/18/2008,14,0.041666666666666664
1/18/2008,15,0.041666666666666664
1/18/2008,16,0.041666666666666664
1/18/2008,17,0.041666666666666664
1/18/2008,18,0.041666666666666664
1/18/2008,19,0.1
1/18/2008,20,0.11578947368421053
1/18/2008,21,0.09473684210526316
1/18/2008,22,0.041666666666666664
1/18/2008,23,0.041666666666666664
1/18/2008,24,0.041666666666666664
1/19/2008,1,0.041666666666666664
1/19/2008,2,0.041666666666666664
1/19/2008,3,0.041666666666666664
1/19/2008,4,0.041666666666666664
1/19/2008,5,0.041666666666666664
1/19/2008,6,0.041666666666666664
1/19/2008,7,0.041666666666666664
1/19/2008,8,0.05
1/19/2008,9,0.4125
1/19/2008,10,0.1375
1/19/2008,11,0.025
1/19/2008,12,0.0125
1/19/2008,13,0.041666666666666664
1/19/2008,14,0.041666666666666664
1/19/2008,15,0.041666666666666664
1/19/2008,16,0.041666666666666664
1/19/2008,17,0.041666666666666664
1/19/2008,18,0.041666666666666664
1/19/2008,19,0.1375
1/19/2008,20,0.0875
1/19/2008,21,0.125
1/19/2008,22,0.0125
1/19/2008,23,0.041666666666666664
1/19/2008,24,0.041666666666666664
1/20/2008,1,0.041666666666666664
1/20/2008,2,0.041666666666666664
1/20/2008,3,0.041666666666666664
1/20/2008,4,0.041666666666666664
1/20/2008,5,0.041666666666666664
1/20/2008,6,0.041666666666666664
1/20/2008,7,0.041666666666666664
1/20/2008,8,0.05
1/20/2008,9,0.4125
1/20/2008,10,0.1375
1/20/2008,11,0.025
1/20/2008,12,0.0125
1/20/2008,13,0.041666666666666664
1/20/2008,14,0.041666666666666664
1/20/2008,15,0.041666666666666664
1/20/2008,16,0.041666666666666664
1/20/2008,17,0.041666666666666664
1/20/2008,18,0.041666666666666664
1/20/2008,19,0.1375
1/20/2008,20,0.0875
1/20/2008,21,0.125
1/20/2008,22,0.0125
1/20/2008,23,0.041666666666666664
1/20/2008,24,0.041666666666666664
1/21/2008,1,0.041666666666666664
1/21/2008,2,0.041666666666666664
1/21/2008,3,0.041666666666666664
1/21/2008,4,0.041666666666666664
1/21/2008,5,0.041666666666666664
1/21/2008,6,0.041666666666666664
1/21/2008,7,0.08947368421052632
1/21/2008,8,0.5736842105263158
1/21/2008,9,0.015789473684210527
1/21/2008,10,0.041666666666666664
1/21/2008,11,0.005263157894736842
1/21/2008,12,0.005263157894736842
1/21/2008,13,0.041666666666666664
1/21/2008,14,0.041666666666666664
1/21/2008,15,0.041666666666666664
1/21/2008,16,0.041666666666666664
1/21/2008,17,0.041666666666666664
1/21/2008,18,0.041666666666666664
1/21/2008,19,0.1
1/21/2008,20,0.11578947368421053
1/21/2008,21,0.09473684210526316
1/21/2008,22,0.041666666666666664
1/21/2008,23,0.041666666666666664
1/21/2008,24,0.041666666666666664
1/22/2008,1,0.041666666666666664
1/22/2008,2,0.041666666666666664
1/22/2008,3,0.041666666666666664
1/22/2008,4,0.041666666666666664
1/22/2008,5,0.041666666666666664
1/22/2008,6,0.041666666666666664
1/22/2008,7,0.08947368421052632
1/22/2008,8,0.5736842105263158
1/22/2008,9,0.015789473684210527
1/22/2008,10,0.041666666666666664
1/22/2008,11,0.005263157894736842
1/22/2008,12,0.005263157894736842
1/22/2008,13,0.041666666666666664
1/22/2008,14,0.041666666666666664
1/22/2008,15,0.041666666666666664
1/22/2008,16,0.041666666666666664
1/22/2008,17,0.041666666666666664
1/22/2008,18,0.041666666666666664
1/22/2008,19,0.1
1/22/2008,20,0.11578947368421053
1/22/2008,21,0.09473684210526316
1/22/2008,22,0.041666666666666664
1/22/2008,23,0.041666666666666664
1/22/2008,24,0.041666666666666664
1/23/2008,1,0.041666666666666664
1/23/2008,2,0.041666666666666664
1/23/2008,3,0.041666666666666664
1/23/2008,4,0.041666666666666664
1/23/2008,5,0.041666666666666664
1/23/2008,6,0.041666666666666664
1/23/2008,7,0.08947368421052632
1/23/2008,8,0.5736842105263158
1/23/2008,9,0.015789473684210527
1/23/2008,10,0.041666666666666664
1/23/2008,11,0.005263157894736842
1/23/2008,12,0.005263157894736842
1/23/2008,13,0.041666666666666664
1/23/2008,14,0.041666666666666664
1/23/2008,15,0.041666666666666664
1/23/2008,16,0.041666666666666664
1/23/2008,17,0.041666666666666664
1/23/2008,18,0.041666666666666664
1/23/2008,19,0.1
1/23/2008,20,0.11578947368421053
1/23/2008,21,0.09473684210526316
1/23/2008,22,0.041666666666666664
1/23/2008,23,0.041666666666666664
1/23/2008,24,0.041666666666666664
1/24/2008,1,0.041666666666666664
1/24/2008,2,0.041666666666666664
1/24/2008,3,0.041666666666666664
1/24/2008,4,0.041666666666666664
1/24/2008,5,0.041666666666666664
1/24/2008,6,0.041666666666666664
1/24/2008,7,0.08947368421052632
1/24/2008,8,0.5736842105263158
1/24/2008,9,0.015789473684210527
1/24/2008,10,0.041666666666666664
1/24/2008,11,0.005263157894736842
1/24/2008,12,0.005263157894736842
1/24/2008,13,0.041666666666666664
1/24/2008,14,0.041666666666666664
1/24/2008,15,0.041666666666666664
1/24/2008,16,0.041666666666666664
1/24/2008,17,0.041666666666666664
1/24/2008,18,0.041666666666666664
1/24/2008,19,0.1
1/24/2008,20,0.11578947368421053
1/24/2008,21,0.09473684210526316
1/24/2008,22,0.041666666666666664
1/24/2008,23,0.041666666666666664
1/24/2008,24,0.041666666666666664
1/25/2008,1,0.041666666666666664
1/25/2008,2,0.041666666666666664
1/25/2008,3,0.041666666666666664
1/25/2008,4,0.041666666666666664
1/25/2008,5,0.041666666666666664
1/25/2008,6,0.041666666666666664
1/25/2008,7,0.08947368421052632
1/25/2008,8,0.5736842105263158
1/25/2008,9,0.015789473684210527
1/25/2008,10,0.041666666666666664
1/25/2008,11,0.005263157894736842
1/25/2008,12,0.005263157894736842
1/25/2008,13,0.041666666666666664
1/25/2008,14,0.041666666666666664
1/25/2008,15,0.041666666666666664
1/25/2008,16,0.041666666666666664
1/25/2008,17,0.041666666666666664
1/25/2008,18,0.041666666666666664
1/25/2008,19,0.1
1/25/2008,20,0.11578947368421053
1/25/2008,21,0.09473684210526316
1/25/2008,22,0.041666666666666664
1/25/2008,23,0.041666666666666664
1/25/2008,24,0.041666666666666664
1/26/2008,1,0.041666666666666664
1/26/2008,2,0.041666666666666664
1/26/2008,3,0.041666666666666664
1/26/2008,4,0.041666666666666664
1/26/2008,5,0.041666666666666664
1/26/2008,6,0.041666666666666664
1/26/2008,7,0.041666666666666664
1/26/2008,8,0.05
1/26/2008,9,0.4125
1/26/2008,10,0.1375
1/26/2008,11,0.025
1/26/2008,12,0.0125
1/26/2008,13,0.041666666666666664
1/26/2008,14,0.041666666666666664
1/26/2008,15,0.041666666666666664
1/26/2008,16,0.041666666666666664
1/26/2008,17,0.041666666666666664
1/26/2008,18,0.041666666666666664
1/26/2008,19,0.1375
1/26/2008,20,0.0875
1/26/2008,21,0.125
1/26/2008,22,0.0125
1/26/2008,23,0.041666666666666664
1/26/2008,24,0.041666666666666664
1/27/2008,1,0.041666666666666664
1/27/2008,2,0.041666666666666664
1/27/2008,3,0.041666666666666664
1/27/2008,4,0.041666666666666664
1/27/2008,5,0.041666666666666664
1/27/2008,6,0.041666666666666664
1/27/2008,7,0.041666666666666664
1/27/2008,8,0.05
1/27/2008,9,0.4125
1/27/2008,10,0.1375
1/27/2008,11,0.025
1/27/2008,12,0.0125
1/27/2008,13,0.041666666666666664
1/27/2008,14,0.041666666666666664
1/27/2008,15,0.041666666666666664
1/27/2008,16,0.041666666666666664
1/27/2008,17,0.041666666666666664
1/27/2008,18,0.041666666666666664
1/27/2008,19,0.1375
1/27/2008,20,0.0875
1/27/2008,21,0.125
1/27/2008,22,0.0125
1/27/2008,23,0.041666666666666664
1/27/2008,24,0.041666666666666664
1/28/2008,1,0.041666666666666664
1/28/2008,2,0.041666666666666664
1/28/2008,3,0.041666666666666664
1/28/2008,4,0.041666666666666664
1/28/2008,5,0.041666666666666664
1/28/2008,6,0.041666666666666664
1/28/2008,7,0.08947368421052632
1/28/2008,8,0.5736842105263158
1/28/2008,9,0.015789473684210527
1/28/2008,10,0.041666666666666664
1/28/2008,11,0.005263157894736842
1/28/2008,12,0.005263157894736842
1/28/2008,13,0.041666666666666664
1/28/2008,14,0.041666666666666664
1/28/2008,15,0.041666666666666664
1/28/2008,16,0.041666666666666664
1/28/2008,17,0.041666666666666664
1/28/2008,18,0.041666666666666664
1/28/2008,19,0.1
1/28/2008,20,0.11578947368421053
1/28/2008,21,0.09473684210526316
1/28/2008,22,0.041666666666666664
1/28/2008,23,0.041666666666666664
1/28/2008,24,0.041666666666666664
1/29/2008,1,0.041666666666666664
1/29/2008,2,0.041666666666666664
1/29/2008,3,0.041666666666666664
1/29/2008,4,0.041666666666666664
1/29/2008,5,0.041666666666666664
1/29/2008,6,0.041666666666666664
1/29/2008,7,0.08947368421052632
1/29/2008,8,0.5736842105263158
1/29/2008,9,0.015789473684210527
1/29/2008,10,0.041666666666666664
1/29/2008,11,0.005263157894736842
1/29/2008,12,0.005263157894736842
1/29/2008,13,0.041666666666666664
1/29/2008,14,0.041666666666666664
1/29/2008,15,0.041666666666666664
1/29/2008,16,0.041666666666666664
1/29/2008,17,0.041666666666666664
1/29/2008,18,0.041666666666666664
1/29/2008,19,0.1
1/29/2008,20,0.11578947368421053
1/29/2008,21,0.09473684210526316
1/29/2008,22,0.041666666666666664
1/29/2008,23,0.041666666666666664
1/29/2008,24,0.041666666666666664
1/30/2008,1,0.041666666666666664
1/30/2008,2,0.041666666666666664
1/30/2008,3,0.041666666666666664
1/30/2008,4,0.041666666666666664
1/30/2008,5,0.041666666666666664
1/30/2008,6,0.041666666666666664
1/30/2008,7,0.08947368421052632
1/30/2008,8,0.5736842105263158
1/30/2008,9,0.015789473684210527
1/30/2008,10,0.041666666666666664
1/30/2008,11,0.005263157894736842
1/30/2008,12,0.005263157894736842
1/30/2008,13,0.041666666666666664
1/30/2008,14,0.041666666666666664
1/30/2008,15,0.041666666666666664
1/30/2008,16,0.041666666666666664
1/30/2008,17,0.041666666666666664
1/30/2008,18,0.041666666666666664
1/30/2008,19,0.1
1/30/2008,20,0.11578947368421053
1/30/2008,21,0.09473684210526316
1/30/2008,22,0.041666666666666664
1/30/2008,23,0.041666666666666664
1/30/2008,24,0.041666666666666664
1/31/2008,1,0.041666666666666664
1/31/2008,2,0.041666666666666664
1/31/2008,3,0.041666666666666664
1/31/2008,4,0.041666666666666664
1/31/2008,5,0.041666666666666664
1/31/2008,6,0.041666666666666664
1/31/2008,7,0.08947368421052632
1/31/2008,8,0.5736842105263158
1/31/2008,9,0.015789473684210527
1/31/2008,10,0.041666666666666664
1/31/2008,11,0.005263157894736842
1/31/2008,12,0.005263157894736842
1/31/2008,13,0.041666666666666664
1/31/2008,14,0.041666666666666664
1/31/2008,15,0.041666666666666664
1/31/2008,16,0.041666666666666664
1/31/2008,17,0.041666666666666664
1/31/2008,18,0.041666666666666664
1/31/2008,19,0.1
1/31/2008,20,0.11578947368421053
1/31/2008,21,0.09473684210526316
1/31/2008,22,0.041666666666666664
1/31/2008,23,0.041666666666666664
1/31/2008,24,0.041666666666666664
2/1/2008,1,0.041666666666666664
2/1/2008,2,0.041666666666666664
2/1/2008,3,0.041666666666666664
2/1/2008,4,0.041666666666666664
2/1/2008,5,0.041666666666666664
2/1/2008,6,0.041666666666666664
2/1/2008,7,0.08947368421052632
2/1/2008,8,0.5736842105263158
2/1/2008,9,0.015789473684210527
2/1/2008,10,0.041666666666666664
2/1/2008,11,0.005263157894736842
2/1/2008,12,0.005263157894736842
2/1/2008,13,0.041666666666666664
2/1/2008,14,0.041666666666666664
2/1/2008,15,0.041666666666666664
2/1/2008,16,0.041666666666666664
2/1/2008,17,0.041666666666666664
2/1/2008,18,0.041666666666666664
2/1/2008,19,0.1
2/1/2008,20,0.11578947368421053
2/1/2008,21,0.09473684210526316
2/1/2008,22,0.041666666666666664
2/1/2008,23,0.041666666666666664
2/1/2008,24,0.041666666666666664
2/2/2008,1,0.041666666666666664
2/2/2008,2,0.041666666666666664
2/2/2008,3,0.041666666666666664
2/2/2008,4,0.041666666666666664
2/2/2008,5,0.041666666666666664
2/2/2008,6,0.041666666666666664
2/2/2008,7,0.041666666666666664
2/2/2008,8,0.05
2/2/2008,9,0.4125
2/2/2008,10,0.1375
2/2/2008,11,0.025
2/2/2008,12,0.0125
2/2/2008,13,0.041666666666666664
2/2/2008,14,0.041666666666666664
2/2/2008,15,0.041666666666666664
2/2/2008,16,0.041666666666666664
2/2/2008,17,0.041666666666666664
2/2/2008,18,0.041666666666666664
2/2/2008,19,0.1375
2/2/2008,20,0.0875
2/2/2008,21,0.125
2/2/2008,22,0.0125
2/2/2008,23,0.041666666666666664
2/2/2008,24,0.041666666666666664
2/3/2008,1,0.041666666666666664
2/3/2008,2,0.041666666666666664
2/3/2008,3,0.041666666666666664
2/3/2008,4,0.041666666666666664
2/3/2008,5,0.041666666666666664
2/3/2008,6,0.041666666666666664
2/3/2008,7,0.041666666666666664
2/3/2008,8,0.05
2/3/2008,9,0.4125
2/3/2008,10,0.1375
2/3/2008,11,0.025
2/3/2008,12,0.0125
2/3/2008,13,0.041666666666666664
2/3/2008,14,0.041666666666666664
2/3/2008,15,0.041666666666666664
2/3/2008,16,0.041666666666666664
2/3/2008,17,0.041666666666666664
2/3/2008,18,0.041666666666666664
2/3/2008,19,0.1375
2/3/2008,20,0.0875
2/3/2008,21,0.125
2/3/2008,22,0.0125
2/3/2008,23,0.041666666666666664
2/3/2008,24,0.041666666666666664
2/4/2008,1,0.041666666666666664
2/4/2008,2,0.041666666666666664
2/4/2008,3,0.041666666666666664
2/4/2008,4,0.041666666666666664
2/4/2008,5,0.041666666666666664
2/4/2008,6,0.041666666666666664
2/4/2008,7,0.08947368421052632
2/4/2008,8,0.5736842105263158
2/4/2008,9,0.015789473684210527
2/4/2008,10,0.041666666666666664
2/4/2008,11,0.005263157894736842
2/4/2008,12,0.005263157894736842
2/4/2008,13,0.041666666666666664
2/4/2008,14,0.041666666666666664
2/4/2008,15,0.041666666666666664
2/4/2008,16,0.041666666666666664
2/4/2008,17,0.041666666666666664
2/4/2008,18,0.041666666666666664
2/4/2008,19,0.1
2/4/2008,20,0.11578947368421053
2/4/2008,21,0.09473684210526316
2/4/2008,22,0.041666666666666664
2/4/2008,23,0.041666666666666664
2/4/2008,24,0.041666666666666664
2/5/2008,1,0.041666666666666664
2/5/2008,2,0.041666666666666664
2/5/2008,3,0.041666666666666664
2/5/2008,4,0.041666666666666664
2/5/2008,5,0.041666666666666664
2/5/2008,6,0.041666666666666664
2/5/2008,7,0.08947368421052632
2/5/2008,8,0.5736842105263158
2/5/2008,9,0.015789473684210527
2/5/2008,10,0.041666666666666664
2/5/2008,11,0.005263157894736842
2/5/2008,12,0.005263157894736842
2/5/2008,13,0.041666666666666664
2/5/2008,14,0.041666666666666664
2/5/2008,15,0.041666666666666664
2/5/2008,16,0.041666666666666664
2/5/2008,17,0.041666666666666664
2/5/2008,18,0.041666666666666664
2/5/2008,19,0.1
2/5/2008,20,0.11578947368421053
2/5/2008,21,0.09473684210526316
2/5/2008,22,0.041666666666666664
2/5/2008,23,0.041666666666666664
2/5/2008,24,0.041666666666666664
2/6/2008,1,0.041666666666666664
2/6/2008,2,0.041666666666666664
2/6/2008,3,0.041666666666666664
2/6/2008,4,0.041666666666666664
2/6/2008,5,0.041666666666666664
2/6/2008,6,0.041666666666666664
2/6/2008,7,0.08947368421052632
2/6/2008,8,0.5736842105263158
2/6/2008,9,0.015789473684210527
2/6/2008,10,0.041666666666666664
2/6/2008,11,0.005263157894736842
2/6/2008,12,0.005263157894736842
2/6/2008,13,0.041666666666666664
2/6/2008,14,0.041666666666666664
2/6/2008,15,0.041666666666666664
2/6/2008,16,0.041666666666666664
2/6/2008,17,0.041666666666666664
2/6/2008,18,0.041666666666666664
2/6/2008,19,0.1
2/6/2008,20,0.11578947368421053
2/6/2008,21,0.09473684210526316
2/6/2008,22,0.041666666666666664
2/6/2008,23,0.041666666666666664
2/6/2008,24,0.041666666666666664
2/7/2008,1,0.041666666666666664
2/7/2008,2,0.041666666666666664
2/7/2008,3,0.041666666666666664
2/7/2008,4,0.041666666666666664
2/7/2008,5,0.041666666666666664
2/7/2008,6,0.041666666666666664
2/7/2008,7,0.08947368421052632
2/7/2008,8,0.5736842105263158
2/7/2008,9,0.015789473684210527
2/7/2008,10,0.041666666666666664
2/7/2008,11,0.005263157894736842
2/7/2008,12,0.005263157894736842
2/7/2008,13,0.041666666666666664
2/7/2008,14,0.041666666666666664
2/7/2008,15,0.041666666666666664
2/7/2008,16,0.041666666666666664
2/7/2008,17,0.041666666666666664
2/7/2008,18,0.041666666666666664
2/7/2008,19,0.1
2/7/2008,20,0.11578947368421053
2/7/2008,21,0.09473684210526316
2/7/2008,22,0.041666666666666664
2/7/2008,23,0.041666666666666664
2/7/2008,24,0.041666666666666664
2/8/2008,1,0.041666666666666664
2/8/2008,2,0.041666666666666664
2/8/2008,3,0.041666666666666664
2/8/2008,4,0.041666666666666664
2/8/2008,5,0.041666666666666664
2/8/2008,6,0.041666666666666664
2/8/2008,7,0.08947368421052632
2/8/2008,8,0.5736842105263158
2/8/2008,9,0.015789473684210527
2/8/2008,10,0.041666666666666664
2/8/2008,11,0.005263157894736842
2/8/2008,12,0.005263157894736842
2/8/2008,13,0.041666666666666664
2/8/2008,14,0.041666666666666664
2/8/2008,15,0.041666666666666664
2/8/2008,16,0.041666666666666664
2/8/2008,17,0.041666666666666664
2/8/2008,18,0.041666666666666664
2/8/2008,19,0.1
2/8/2008,20,0.11578947368421053
2/8/2008,21,0.09473684210526316
2/8/2008,22,0.041666666666666664
2/8/2008,23,0.041666666666666664
2/8/2008,24,0.041666666666666664
2/9/2008,1,0.041666666666666664
2/9/2008,2,0.041666666666666664
2/9/2008,3,0.041666666666666664
2/9/2008,4,0.041666666666666664
2/9/2008,5,0.041666666666666664
2/9/2008,6,0.041666666666666664
2/9/2008,7,0.041666666666666664
2/9/2008,8,0.05
2/9/2008,9,0.4125
2/9/2008,10,0.1375
2/9/2008,11,0.025
2/9/2008,12,0.0125
2/9/2008,13,0.041666666666666664
2/9/2008,14,0.041666666666666664
2/9/2008,15,0.041666666666666664
2/9/2008,16,0.041666666666666664
2/9/2008,17,0.041666666666666664
2/9/2008,18,0.041666666666666664
2/9/2008,19,0.1375
2/9/2008,20,0.0875
2/9/2008,21,0.125
2/9/2008,22,0.0125
2/9/2008,23,0.041666666666666664
2/9/2008,24,0.041666666666666664
2/10/2008,1,0.041666666666666664
2/10/2008,2,0.041666666666666664
2/10/2008,3,0.041666666666666664
2/10/2008,4,0.041666666666666664
2/10/2008,5,0.041666666666666664
2/10/2008,6,0.041666666666666664
2/10/2008,7,0.041666666666666664
2/10/2008,8,0.05
2/10/2008,9,0.4125
2/10/2008,10,0.1375
2/10/2008,11,0.025
2/10/2008,12,0.0125
2/10/2008,13,0.041666666666666664
2/10/2008,14,0.041666666666666664
2/10/2008,15,0.041666666666666664
2/10/2008,16,0.041666666666666664
2/10/2008,17,0.041666666666666664
2/10/2008,18,0.041666666666666664
2/10/2008,19,0.1375
2/10/2008,20,0.0875
2/10/2008,21,0.125
2/10/2008,22,0.0125
2/10/2008,23,0.041666666666666664
2/10/2008,24,0.041666666666666664
2/11/2008,1,0.041666666666666664
2/11/2008,2,0.041666666666666664
2/11/2008,3,0.041666666666666664
2/11/2008,4,0.041666666666666664
2/11/2008,5,0.041666666666666664
2/11/2008,6,0.041666666666666664
2/11/2008,7,0.08947368421052632
2/11/2008,8,0.5736842105263158
2/11/2008,9,0.015789473684210527
2/11/2008,10,0.041666666666666664
2/11/2008,11,0.005263157894736842
2/11/2008,12,0.005263157894736842
2/11/2008,13,0.041666666666666664
2/11/2008,14,0.041666666666666664
2/11/2008,15,0.041666666666666664
2/11/2008,16,0.041666666666666664
2/11/2008,17,0.041666666666666664
2/11/2008,18,0.041666666666666664
2/11/2008,19,0.1
2/11/2008,20,0.11578947368421053
2/11/2008,21,0.09473684210526316
2/11/2008,22,0.041666666666666664
2/11/2008,23,0.041666666666666664
2/11/2008,24,0.041666666666666664
2/12/2008,1,0.041666666666666664
2/12/2008,2,0.041666666666666664
2/12/2008,3,0.041666666666666664
2/12/2008,4,0.041666666666666664
2/12/2008,5,0.041666666666666664
2/12/2008,6,0.041666666666666664
2/12/2008,7,0.08947368421052632
2/12/2008,8,0.5736842105263158
2/12/2008,9,0.015789473684210527
2/12/2008,10,0.041666666666666664
2/12/2008,11,0.005263157894736842
2/12/2008,12,0.005263157894736842
2/12/2008,13,0.041666666666666664
2/12/2008,14,0.041666666666666664
2/12/2008,15,0.041666666666666664
2/12/2008,16,0.041666666666666664
2/12/2008,17,0.041666666666666664
2/12/2008,18,0.041666666666666664
2/12/2008,19,0.1
2/12/2008,20,0.11578947368421053
2/12/2008,21,0.09473684210526316
2/12/2008,22,0.041666666666666664
2/12/2008,23,0.041666666666666664
2/12/2008,24,0.041666666666666664
2/13/2008,1,0.041666666666666664
2/13/2008,2,0.041666666666666664
2/13/2008,3,0.041666666666666664
2/13/2008,4,0.041666666666666664
2/13/2008,5,0.041666666666666664
2/13/2008,6,0.041666666666666664
2/13/2008,7,0.08947368421052632
2/13/2008,8,0.5736842105263158
2/13/2008,9,0.015789473684210527
2/13/2008,10,0.041666666666666664
2/13/2008,11,0.005263157894736842
2/13/2008,12,0.005263157894736842
2/13/2008,13,0.041666666666666664
2/13/2008,14,0.041666666666666664
2/13/2008,15,0.041666666666666664
2/13/2008,16,0.041666666666666664
2/13/2008,17,0.041666666666666664
2/13/2008,18,0.041666666666666664
2/13/2008,19,0.1
2/13/2008,20,0.11578947368421053
2/13/2008,21,0.09473684210526316
2/13/2008,22,0.041666666666666664
2/13/2008,23,0.041666666666666664
2/13/2008,24,0.041666666666666664
2/14/2008,1,0.041666666666666664
2/14/2008,2,0.041666666666666664
2/14/2008,3,0.041666666666666664
2/14/2008,4,0.041666666666666664
2/14/2008,5,0.041666666666666664
2/14/2008,6,0.041666666666666664
2/14/2008,7,0.08947368421052632
2/14/2008,8,0.5736842105263158
2/14/2008,9,0.015789473684210527
2/14/2008,10,0.041666666666666664
2/14/2008,11,0.005263157894736842
2/14/2008,12,0.005263157894736842
2/14/2008,13,0.041666666666666664
2/14/2008,14,0.041666666666666664
2/14/2008,15,0.041666666666666664
2/14/2008,16,0.041666666666666664
2/14/2008,17,0.041666666666666664
2/14/2008,18,0.041666666666666664
2/14/2008,19,0.1
2/14/2008,20,0.11578947368421053
2/14/2008,21,0.09473684210526316
2/14/2008,22,0.041666666666666664
2/14/2008,23,0.041666666666666664
2/14/2008,24,0.041666666666666664
2/15/2008,1,0.041666666666666664
2/15/2008,2,0.041666666666666664
2/15/2008,3,0.041666666666666664
2/15/2008,4,0.041666666666666664
2/15/2008,5,0.041666666666666664
2/15/2008,6,0.041666666666666664
2/15/2008,7,0.08947368421052632
2/15/2008,8,0.5736842105263158
2/15/2008,9,0.015789473684210527
2/15/2008,10,0.041666666666666664
2/15/2008,11,0.005263157894736842
2/15/2008,12,0.005263157894736842
2/15/2008,13,0.041666666666666664
2/15/2008,14,0.041666666666666664
2/15/2008,15,0.041666666666666664
2/15/2008,16,0.041666666666666664
2/15/2008,17,0.041666666666666664
2/15/2008,18,0.041666666666666664
2/15/2008,19,0.1
2/15/2008,20,0.11578947368421053
2/15/2008,21,0.09473684210526316
2/15/2008,22,0.041666666666666664
2/15/2008,23,0.041666666666666664
2/15/2008,24,0.041666666666666664
2/16/2008,1,0.041666666666666664
2/16/2008,2,0.041666666666666664
2/16/2008,3,0.041666666666666664
2/16/2008,4,0.041666666666666664
2/16/2008,5,0.041666666666666664
2/16/2008,6,0.041666666666666664
2/16/2008,7,0.041666666666666664
2/16/2008,8,0.05
2/16/2008,9,0.4125
2/16/2008,10,0.1375
2/16/2008,11,0.025
2/16/2008,12,0.0125
2/16/2008,13,0.041666666666666664
2/16/2008,14,0.041666666666666664
2/16/2008,15,0.041666666666666664
2/16/2008,16,0.041666666666666664
2/16/2008,17,0.041666666666666664
2/16/2008,18,0.041666666666666664
2/16/2008,19,0.1375
2/16/2008,20,0.0875
2/16/2008,21,0.125
2/16/2008,22,0.0125
2/16/2008,23,0.041666666666666664
2/16/2008,24,0.041666666666666664
2/17/2008,1,0.041666666666666664
2/17/2008,2,0.041666666666666664
2/17/2008,3,0.041666666666666664
2/17/2008,4,0.041666666666666664
2/17/2008,5,0.041666666666666664
2/17/2008,6,0.041666666666666664
2/17/2008,7,0.041666666666666664
2/17/2008,8,0.05
2/17/2008,9,0.4125
2/17/2008,10,0.1375
2/17/2008,11,0.025
2/17/2008,12,0.0125
2/17/2008,13,0.041666666666666664
2/17/2008,14,0.041666666666666664
2/17/2008,15,0.041666666666666664
2/17/2008,16,0.041666666666666664
2/17/2008,17,0.041666666666666664
2/17/2008,18,0.041666666666666664
2/17/2008,19,0.1375
2/17/2008,20,0.0875
2/17/2008,21,0.125
2/17/2008,22,0.0125
2/17/2008,23,0.041666666666666664
2/17/2008,24,0.041666666666666664
2/18/2008,1,0.041666666666666664
2/18/2008,2,0.041666666666666664
2/18/2008,3,0.041666666666666664
2/18/2008,4,0.041666666666666664
2/18/2008,5,0.041666666666666664
2/18/2008,6,0.041666666666666664
2/18/2008,7,0.08947368421052632
2/18/2008,8,0.5736842105263158
2/18/2008,9,0.015789473684210527
2/18/2008,10,0.041666666666666664
2/18/2008,11,0.005263157894736842
2/18/2008,12,0.005263157894736842
2/18/2008,13,0.041666666666666664
2/18/2008,14,0.041666666666666664
2/18/2008,15,0.041666666666666664
2/18/2008,16,0.041666666666666664
2/18/2008,17,0.041666666666666664
2/18/2008,18,0.041666666666666664
2/18/2008,19,0.1
2/18/2008,20,0.11578947368421053
2/18/2008,21,0.09473684210526316
2/18/2008,22,0.041666666666666664
2/18/2008,23,0.041666666666666664
2/18/2008,24,0.041666666666666664
2/19/2008,1,0.041666666666666664
2/19/2008,2,0.041666666666666664
2/19/2008,3,0.041666666666666664
2/19/2008,4,0.041666666666666664
2/19/2008,5,0.041666666666666664
2/19/2008,6,0.041666666666666664
2/19/2008,7,0.08947368421052632
2/19/2008,8,0.5736842105263158
2/19/2008,9,0.015789473684210527
2/19/2008,10,0.041666666666666664
2/19/2008,11,0.005263157894736842
2/19/2008,12,0.005263157894736842
2/19/2008,13,0.041666666666666664
2/19/2008,14,0.041666666666666664
2/19/2008,15,0.041666666666666664
2/19/2008,16,0.041666666666666664
2/19/2008,17,0.041666666666666664
2/19/2008,18,0.041666666666666664
2/19/2008,19,0.1
2/19/2008,20,0.11578947368421053
2/19/2008,21,0.09473684210526316
2/19/2008,22,0.041666666666666664
2/19/2008,23,0.041666666666666664
2/19/2008,24,0.041666666666666664
2/20/2008,1,0.041666666666666664
2/20/2008,2,0.041666666666666664
2/20/2008,3,0.041666666666666664
2/20/2008,4,0.041666666666666664
2/20/2008,5,0.041666666666666664
2/20/2008,6,0.041666666666666664
2/20/2008,7,0.08947368421052632
2/20/2008,8,0.5736842105263158
2/20/2008,9,0.015789473684210527
2/20/2008,10,0.041666666666666664
2/20/2008,11,0.005263157894736842
2/20/2008,12,0.005263157894736842
2/20/2008,13,0.041666666666666664
2/20/2008,14,0.041666666666666664
2/20/2008,15,0.041666666666666664
2/20/2008,16,0.041666666666666664
2/20/2008,17,0.041666666666666664
2/20/2008,18,0.041666666666666664
2/20/2008,19,0.1
2/20/2008,20,0.11578947368421053
2/20/2008,21,0.09473684210526316
2/20/2008,22,0.041666666666666664
2/20/2008,23,0.041666666666666664
2/20/2008,24,0.041666666666666664
2/21/2008,1,0.041666666666666664
2/21/2008,2,0.041666666666666664
2/21/2008,3,0.041666666666666664
2/21/2008,4,0.041666666666666664
2/21/2008,5,0.041666666666666664
2/21/2008,6,0.041666666666666664
2/21/2008,7,0.08947368421052632
2/21/2008,8,0.5736842105263158
2/21/2008,9,0.015789473684210527
2/21/2008,10,0.041666666666666664
2/21/2008,11,0.005263157894736842
2/21/2008,12,0.005263157894736842
2/21/2008,13,0.041666666666666664
2/21/2008,14,0.041666666666666664
2/21/2008,15,0.041666666666666664
2/21/2008,16,0.041666666666666664
2/21/2008,17,0.041666666666666664
2/21/2008,18,0.041666666666666664
2/21/2008,19,0.1
2/21/2008,20,0.11578947368421053
2/21/2008,21,0.09473684210526316
2/21/2008,22,0.041666666666666664
2/21/2008,23,0.041666666666666664
2/21/2008,24,0.041666666666666664
2/22/2008,1,0.041666666666666664
2/22/2008,2,0.041666666666666664
2/22/2008,3,0.041666666666666664
2/22/2008,4,0.041666666666666664
2/22/2008,5,0.041666666666666664
2/22/2008,6,0.041666666666666664
2/22/2008,7,0.08947368421052632
2/22/2008,8,0.5736842105263158
2/22/2008,9,0.015789473684210527
2/22/2008,10,0.041666666666666664
2/22/2008,11,0.005263157894736842
2/22/2008,12,0.005263157894736842
2/22/2008,13,0.041666666666666664
2/22/2008,14,0.041666666666666664
2/22/2008,15,0.041666666666666664
2/22/2008,16,0.041666666666666664
2/22/2008,17,0.041666666666666664
2/22/2008,18,0.041666666666666664
2/22/2008,19,0.1
2/22/2008,20,0.11578947368421053
2/22/2008,21,0.09473684210526316
2/22/2008,22,0.041666666666666664
2/22/2008,23,0.041666666666666664
2/22/2008,24,0.041666666666666664
2/23/2008,1,0.041666666666666664
2/23/2008,2,0.041666666666666664
2/23/2008,3,0.041666666666666664
2/23/2008,4,0.041666666666666664
2/23/2008,5,0.041666666666666664
2/23/2008,6,0.041666666666666664
2/23/2008,7,0.041666666666666664
2/23/2008,8,0.05
2/23/2008,9,0.4125
2/23/2008,10,0.1375
2/23/2008,11,0.025
2/23/2008,12,0.0125
2/23/2008,13,0.041666666666666664
2/23/2008,14,0.041666666666666664
2/23/2008,15,0.041666666666666664
2/23/2008,16,0.041666666666666664
2/23/2008,17,0.041666666666666664
2/23/2008,18,0.041666666666666664
2/23/2008,19,0.1375
2/23/2008,20,0.0875
2/23/2008,21,0.125
2/23/2008,22,0.0125
2/23/2008,23,0.041666666666666664
2/23/2008,24,0.041666666666666664
2/24/2008,1,0.041666666666666664
2/24/2008,2,0.041666666666666664
2/24/2008,3,0.041666666666666664
2/24/2008,4,0.041666666666666664
2/24/2008,5,0.041666666666666664
2/24/2008,6,0.041666666666666664
2/24/2008,7,0.041666666666666664
2/24/2008,8,0.05
2/24/2008,9,0.4125
2/24/2008,10,0.1375
2/24/2008,11,0.025
2/24/2008,12,0.0125
2/24/2008,13,0.041666666666666664
2/24/2008,14,0.041666666666666664
2/24/2008,15,0.041666666666666664
2/24/2008,16,0.041666666666666664
2/24/2008,17,0.041666666666666664
2/24/2008,18,0.041666666666666664
2/24/2008,19,0.1375
2/24/2008,20,0.0875
2/24/2008,21,0.125
2/24/2008,22,0.0125
2/24/2008,23,0.041666666666666664
2/24/2008,24,0.041666666666666664
2/25/2008,1,0.041666666666666664
2/25/2008,2,0.041666666666666664
2/25/2008,3,0.041666666666666664
2/25/2008,4,0.041666666666666664
2/25/2008,5,0.041666666666666664
2/25/2008,6,0.041666666666666664
2/25/2008,7,0.08947368421052632
2/25/2008,8,0.5736842105263158
2/25/2008,9,0.015789473684210527
2/25/2008,10,0.041666666666666664
2/25/2008,11,0.005263157894736842
2/25/2008,12,0.005263157894736842
2/25/2008,13,0.041666666666666664
2/25/2008,14,0.041666666666666664
2/25/2008,15,0.041666666666666664
2/25/2008,16,0.041666666666666664
2/25/2008,17,0.041666666666666664
2/25/2008,18,0.041666666666666664
2/25/2008,19,0.1
2/25/2008,20,0.11578947368421053
2/25/2008,21,0.09473684210526316
2/25/2008,22,0.041666666666666664
2/25/2008,23,0.041666666666666664
2/25/2008,24,0.041666666666666664
2/26/2008,1,0.041666666666666664
2/26/2008,2,0.041666666666666664
2/26/2008,3,0.041666666666666664
2/26/2008,4,0.041666666666666664
2/26/2008,5,0.041666666666666664
2/26/2008,6,0.041666666666666664
2/26/2008,7,0.08947368421052632
2/26/2008,8,0.5736842105263158
2/26/2008,9,0.015789473684210527
2/26/2008,10,0.041666666666666664
2/26/2008,11,0.005263157894736842
2/26/2008,12,0.005263157894736842
2/26/2008,13,0.041666666666666664
2/26/2008,14,0.041666666666666664
2/26/2008,15,0.041666666666666664
2/26/2008,16,0.041666666666666664
2/26/2008,17,0.041666666666666664
2/26/2008,18,0.041666666666666664
2/26/2008,19,0.1
2/26/2008,20,0.11578947368421053
2/26/2008,21,0.09473684210526316
2/26/2008,22,0.041666666666666664
2/26/2008,23,0.041666666666666664
2/26/2008,24,0.041666666666666664
2/27/2008,1,0.041666666666666664
2/27/2008,2,0.041666666666666664
2/27/2008,3,0.041666666666666664
2/27/2008,4,0.041666666666666664
2/27/2008,5,0.041666666666666664
2/27/2008,6,0.041666666666666664
2/27/2008,7,0.08947368421052632
2/27/2008,8,0.5736842105263158
2/27/2008,9,0.015789473684210527
2/27/2008,10,0.041666666666666664
2/27/2008,11,0.005263157894736842
2/27/2008,12,0.005263157894736842
2/27/2008,13,0.041666666666666664
2/27/2008,14,0.041666666666666664
2/27/2008,15,0.041666666666666664
2/27/2008,16,0.041666666666666664
2/27/2008,17,0.041666666666666664
2/27/2008,18,0.041666666666666664
2/27/2008,19,0.1
2/27/2008,20,0.11578947368421053
2/27/2008,21,0.09473684210526316
2/27/2008,22,0.041666666666666664
2/27/2008,23,0.041666666666666664
2/27/2008,24,0.041666666666666664
2/28/2008,1,0.041666666666666664
2/28/2008,2,0.041666666666666664
2/28/2008,3,0.041666666666666664
2/28/2008,4,0.041666666666666664
2/28/2008,5,0.041666666666666664
2/28/2008,6,0.041666666666666664
2/28/2008,7,0.08947368421052632
2/28/2008,8,0.5736842105263158
2/28/2008,9,0.015789473684210527
2/28/2008,10,0.041666666666666664
2/28/2008,11,0.005263157894736842
2/28/2008,12,0.005263157894736842
2/28/2008,13,0.041666666666666664
2/28/2008,14,0.041666666666666664
2/28/2008,15,0.041666666666666664
2/28/2008,16,0.041666666666666664
2/28/2008,17,0.041666666666666664
2/28/2008,18,0.041666666666666664
2/28/2008,19,0.1
2/28/2008,20,0.11578947368421053
2/28/2008,21,0.09473684210526316
2/28/2008,22,0.041666666666666664
2/28/2008,23,0.041666666666666664
2/28/2008,24,0.041666666666666664
2/29/2008,1,0.041666666666666664
2/29/2008,2,0.041666666666666664
2/29/2008,3,0.041666666666666664
2/29/2008,4,0.041666666666666664
2/29/2008,5,0.041666666666666664
2/29/2008,6,0.041666666666666664
2/29/2008,7,0.08947368421052632
2/29/2008,8,0.5736842105263158
2/29/2008,9,0.015789473684210527
2/29/2008,10,0.041666666666666664
2/29/2008,11,0.005263157894736842
2/29/2008,12,0.005263157894736842
2/29/2008,13,0.041666666666666664
2/29/2008,14,0.041666666666666664
2/29/2008,15,0.041666666666666664
2/29/2008,16,0.041666666666666664
2/29/2008,17,0.041666666666666664
2/29/2008,18,0.041666666666666664
2/29/2008,19,0.1
2/29/2008,20,0.11578947368421053
2/29/2008,21,0.09473684210526316
2/29/2008,22,0.041666666666666664
2/29/2008,23,0.041666666666666664
2/29/2008,24,0.041666666666666664
3/1/2008,1,0.041666666666666664
3/1/2008,2,0.041666666666666664
3/1/2008,3,0.041666666666666664
3/1/2008,4,0.041666666666666664
3/1/2008,5,0.041666666666666664
3/1/2008,6,0.041666666666666664
3/1/2008,7,0.041666666666666664
3/1/2008,8,0.10256410256410256
3/1/2008,9,0.16666666666666666
3/1/2008,10,0.01282051282051282
3/1/2008,11,0.01282051282051282
3/1/2008,12,0.041666666666666664
3/1/2008,13,0.041666666666666664
3/1/2008,14,0.01282051282051282
3/1/2008,15,0.01282051282051282
3/1/2008,16,0.01282051282051282
3/1/2008,17,0.02564102564102564
3/1/2008,18,0.19230769230769232
3/1/2008,19,0.02564102564102564
3/1/2008,20,0.0641025641025641
3/1/2008,21,0.2692307692307692
3/1/2008,22,0.08974358974358974
3/1/2008,23,0.041666666666666664
3/1/2008,24,0.041666666666666664
3/2/2008,1,0.041666666666666664
3/2/2008,2,0.041666666666666664
3/2/2008,3,0.041666666666666664
3/2/2008,4,0.041666666666666664
3/2/2008,5,0.041666666666666664
3/2/2008,6,0.041666666666666664
3/2/2008,7,0.041666666666666664
3/2/2008,8,0.10256410256410256
3/2/2008,9,0.16666666666666666
3/2/2008,10,0.01282051282051282
3/2/2008,11,0.01282051282051282
3/2/2008,12,0.041666666666666664
3/2/2008,13,0.041666666666666664
3/2/2008,14,0.01282051282051282
3/2/2008,15,0.01282051282051282
3/2/2008,16,0.01282051282051282
3/2/2008,17,0.02564102564102564
3/2/2008,18,0.19230769230769232
3/2/2008,19,0.02564102564102564
3/2/2008,20,0.0641025641025641
3/2/2008,21,0.2692307692307692
3/2/2008,22,0.08974358974358974
3/2/2008,23,0.041666666666666664
3/2/2008,24,0.041666666666666664
3/3/2008,1,0.041666666666666664
3/3/2008,2,0.041666666666666664
3/3/2008,3,0.041666666666666664
3/3/2008,4,0.041666666666666664
3/3/2008,5,0.041666666666666664
3/3/2008,6,0.041666666666666664
3/3/2008,7,0.14646464646464646
3/3/2008,8,0.18686868686868688
3/3/2008,9,0.005050505050505051
3/3/2008,10,0.005050505050505051
3/3/2008,11,0.041666666666666664
3/3/2008,12,0.041666666666666664
3/3/2008,13,0.041666666666666664
3/3/2008,14,0.005050505050505051
3/3/2008,15,0.041666666666666664
3/3/2008,16,0.005050505050505051
3/3/2008,17,0.025252525252525252
3/3/2008,18,0.15656565656565657
3/3/2008,19,0.06060606060606061
3/3/2008,20,0.07575757575757576
3/3/2008,21,0.26262626262626265
3/3/2008,22,0.06565656565656566
3/3/2008,23,0.041666666666666664
3/3/2008,24,0.041666666666666664
3/4/2008,1,0.041666666666666664
3/4/2008,2,0.041666666666666664
3/4/2008,3,0.041666666666666664
3/4/2008,4,0.041666666666666664
3/4/2008,5,0.041666666666666664
3/4/2008,6,0.041666666666666664
3/4/2008,7,0.14646464646464646
3/4/2008,8,0.18686868686868688
3/4/2008,9,0.005050505050505051
3/4/2008,10,0.005050505050505051
3/4/2008,11,0.041666666666666664
3/4/2008,12,0.041666666666666664
3/4/2008,13,0.041666666666666664
3/4/2008,14,0.005050505050505051
3/4/2008,15,0.041666666666666664
3/4/2008,16,0.005050505050505051
3/4/2008,17,0.025252525252525252
3/4/2008,18,0.15656565656565657
3/4/2008,19,0.06060606060606061
3/4/2008,20,0.07575757575757576
3/4/2008,21,0.26262626262626265
3/4/2008,22,0.06565656565656566
3/4/2008,23,0.041666666666666664
3/4/2008,24,0.041666666666666664
3/5/2008,1,0.041666666666666664
3/5/2008,2,0.041666666666666664
3/5/2008,3,0.041666666666666664
3/5/2008,4,0.041666666666666664
3/5/2008,5,0.041666666666666664
3/5/2008,6,0.041666666666666664
3/5/2008,7,0.14646464646464646
3/5/2008,8,0.18686868686868688
3/5/2008,9,0.005050505050505051
3/5/2008,10,0.005050505050505051
3/5/2008,11,0.041666666666666664
3/5/2008,12,0.041666666666666664
3/5/2008,13,0.041666666666666664
3/5/2008,14,0.005050505050505051
3/5/2008,15,0.041666666666666664
3/5/2008,16,0.005050505050505051
3/5/2008,17,0.025252525252525252
3/5/2008,18,0.15656565656565657
3/5/2008,19,0.06060606060606061
3/5/2008,20,0.07575757575757576
3/5/2008,21,0.26262626262626265
3/5/2008,22,0.06565656565656566
3/5/2008,23,0.041666666666666664
3/5/2008,24,0.041666666666666664
3/6/2008,1,0.041666666666666664
3/6/2008,2,0.041666666666666664
3/6/2008,3,0.041666666666666664
3/6/2008,4,0.041666666666666664
3/6/2008,5,0.041666666666666664
3/6/2008,6,0.041666666666666664
3/6/2008,7,0.14646464646464646
3/6/2008,8,0.18686868686868688
3/6/2008,9,0.005050505050505051
3/6/2008,10,0.005050505050505051
3/6/2008,11,0.041666666666666664
3/6/2008,12,0.041666666666666664
3/6/2008,13,0.041666666666666664
3/6/2008,14,0.005050505050505051
3/6/2008,15,0.041666666666666664
3/6/2008,16,0.005050505050505051
3/6/2008,17,0.025252525252525252
3/6/2008,18,0.15656565656565657
3/6/2008,19,0.06060606060606061
3/6/2008,20,0.07575757575757576
3/6/2008,21,0.26262626262626265
3/6/2008,22,0.06565656565656566
3/6/2008,23,0.041666666666666664
3/6/2008,24,0.041666666666666664
3/7/2008,1,0.041666666666666664
3/7/2008,2,0.041666666666666664
3/7/2008,3,0.041666666666666664
3/7/2008,4,0.041666666666666664
3/7/2008,5,0.041666666666666664
3/7/2008,6,0.041666666666666664
3/7/2008,7,0.14646464646464646
3/7/2008,8,0.18686868686868688
3/7/2008,9,0.005050505050505051
3/7/2008,10,0.005050505050505051
3/7/2008,11,0.041666666666666664
3/7/2008,12,0.041666666666666664
3/7/2008,13,0.041666666666666664
3/7/2008,14,0.005050505050505051
3/7/2008,15,0.041666666666666664
3/7/2008,16,0.005050505050505051
3/7/2008,17,0.025252525252525252
3/7/2008,18,0.15656565656565657
3/7/2008,19,0.06060606060606061
3/7/2008,20,0.07575757575757576
3/7/2008,21,0.26262626262626265
3/7/2008,22,0.06565656565656566
3/7/2008,23,0.041666666666666664
3/7/2008,24,0.041666666666666664
3/8/2008,1,0.041666666666666664
3/8/2008,2,0.041666666666666664
3/8/2008,3,0.041666666666666664
3/8/2008,4,0.041666666666666664
3/8/2008,5,0.041666666666666664
3/8/2008,6,0.041666666666666664
3/8/2008,7,0.041666666666666664
3/8/2008,8,0.10256410256410256
3/8/2008,9,0.16666666666666666
3/8/2008,10,0.01282051282051282
3/8/2008,11,0.01282051282051282
3/8/2008,12,0.041666666666666664
3/8/2008,13,0.041666666666666664
3/8/2008,14,0.01282051282051282
3/8/2008,15,0.01282051282051282
3/8/2008,16,0.01282051282051282
3/8/2008,17,0.02564102564102564
3/8/2008,18,0.19230769230769232
3/8/2008,19,0.02564102564102564
3/8/2008,20,0.0641025641025641
3/8/2008,21,0.2692307692307692
3/8/2008,22,0.08974358974358974
3/8/2008,23,0.041666666666666664
3/8/2008,24,0.041666666666666664
3/9/2008,1,0.041666666666666664
3/9/2008,3,0.041666666666666664
3/9/2008,4,0.041666666666666664
3/9/2008,5,0.041666666666666664
3/9/2008,6,0.041666666666666664
3/9/2008,7,0.041666666666666664
3/9/2008,8,0.10256410256410256
3/9/2008,9,0.16666666666666666
3/9/2008,10,0.01282051282051282
3/9/2008,11,0.01282051282051282
3/9/2008,12,0.041666666666666664
3/9/2008,13,0.041666666666666664
3/9/2008,14,0.01282051282051282
3/9/2008,15,0.01282051282051282
3/9/2008,16,0.01282051282051282
3/9/2008,17,0.02564102564102564
3/9/2008,18,0.19230769230769232
3/9/2008,19,0.02564102564102564
3/9/2008,20,0.0641025641025641
3/9/2008,21,0.2692307692307692
3/9/2008,22,0.08974358974358974
3/9/2008,23,0.041666666666666664
3/9/2008,24,0.041666666666666664
3/10/2008,1,0.041666666666666664
3/10/2008,2,0.041666666666666664
3/10/2008,3,0.041666666666666664
3/10/2008,4,0.041666666666666664
3/10/2008,5,0.041666666666666664
3/10/2008,6,0.041666666666666664
3/10/2008,7,0.14646464646464646
3/10/2008,8,0.18686868686868688
3/10/2008,9,0.005050505050505051
3/10/2008,10,0.005050505050505051
3/10/2008,11,0.041666666666666664
3/10/2008,12,0.041666666666666664
3/10/2008,13,0.041666666666666664
3/10/2008,14,0.005050505050505051
3/10/2008,15,0.041666666666666664
3/10/2008,16,0.005050505050505051
3/10/2008,17,0.025252525252525252
3/10/2008,18,0.15656565656565657
3/10/2008,19,0.06060606060606061
3/10/2008,20,0.07575757575757576
3/10/2008,21,0.26262626262626265
3/10/2008,22,0.06565656565656566
3/10/2008,23,0.041666666666666664
3/10/2008,24,0.041666666666666664
3/11/2008,1,0.041666666666666664
3/11/2008,2,0.041666666666666664
3/11/2008,3,0.041666666666666664
3/11/2008,4,0.041666666666666664
3/11/2008,5,0.041666666666666664
3/11/2008,6,0.041666666666666664
3/11/2008,7,0.14646464646464646
3/11/2008,8,0.18686868686868688
3/11/2008,9,0.005050505050505051
3/11/2008,10,0.005050505050505051
3/11/2008,11,0.041666666666666664
3/11/2008,12,0.041666666666666664
3/11/2008,13,0.041666666666666664
3/11/2008,14,0.005050505050505051
3/11/2008,15,0.041666666666666664
3/11/2008,16,0.005050505050505051
3/11/2008,17,0.025252525252525252
3/11/2008,18,0.15656565656565657
3/11/2008,19,0.06060606060606061
3/11/2008,20,0.07575757575757576
3/11/2008,21,0.26262626262626265
3/11/2008,22,0.06565656565656566
3/11/2008,23,0.041666666666666664
3/11/2008,24,0.041666666666666664
3/12/2008,1,0.041666666666666664
3/12/2008,2,0.041666666666666664
3/12/2008,3,0.041666666666666664
3/12/2008,4,0.041666666666666664
3/12/2008,5,0.041666666666666664
3/12/2008,6,0.041666666666666664
3/12/2008,7,0.14646464646464646
3/12/2008,8,0.18686868686868688
3/12/2008,9,0.005050505050505051
3/12/2008,10,0.005050505050505051
3/12/2008,11,0.041666666666666664
3/12/2008,12,0.041666666666666664
3/12/2008,13,0.041666666666666664
3/12/2008,14,0.005050505050505051
3/12/2008,15,0.041666666666666664
3/12/2008,16,0.005050505050505051
3/12/2008,17,0.025252525252525252
3/12/2008,18,0.15656565656565657
3/12/2008,19,0.06060606060606061
3/12/2008,20,0.07575757575757576
3/12/2008,21,0.26262626262626265
3/12/2008,22,0.06565656565656566
3/12/2008,23,0.041666666666666664
3/12/2008,24,0.041666666666666664
3/13/2008,1,0.041666666666666664
3/13/2008,2,0.041666666666666664
3/13/2008,3,0.041666666666666664
3/13/2008,4,0.041666666666666664
3/13/2008,5,0.041666666666666664
3/13/2008,6,0.041666666666666664
3/13/2008,7,0.14646464646464646
3/13/2008,8,0.18686868686868688
3/13/2008,9,0.005050505050505051
3/13/2008,10,0.005050505050505051
3/13/2008,11,0.041666666666666664
3/13/2008,12,0.041666666666666664
3/13/2008,13,0.041666666666666664
3/13/2008,14,0.005050505050505051
3/13/2008,15,0.041666666666666664
3/13/2008,16,0.005050505050505051
3/13/2008,17,0.025252525252525252
3/13/2008,18,0.15656565656565657
3/13/2008,19,0.06060606060606061
3/13/2008,20,0.07575757575757576
3/13/2008,21,0.26262626262626265
3/13/2008,22,0.06565656565656566
3/13/2008,23,0.041666666666666664
3/13/2008,24,0.041666666666666664
3/14/2008,1,0.041666666666666664
3/14/2008,2,0.041666666666666664
3/14/2008,3,0.041666666666666664
3/14/2008,4,0.041666666666666664
3/14/2008,5,0.041666666666666664
3/14/2008,6,0.041666666666666664
3/14/2008,7,0.14646464646464646
3/14/2008,8,0.18686868686868688
3/14/2008,9,0.005050505050505051
3/14/2008,10,0.005050505050505051
3/14/2008,11,0.041666666666666664
3/14/2008,12,0.041666666666666664
3/14/2008,13,0.041666666666666664
3/14/2008,14,0.005050505050505051
3/14/2008,15,0.041666666666666664
3/14/2008,16,0.005050505050505051
3/14/2008,17,0.025252525252525252
3/14/2008,18,0.15656565656565657
3/14/2008,19,0.06060606060606061
3/14/2008,20,0.07575757575757576
3/14/2008,21,0.26262626262626265
3/14/2008,22,0.06565656565656566
3/14/2008,23,0.041666666666666664
3/14/2008,24,0.041666666666666664
3/15/2008,1,0.041666666666666664
3/15/2008,2,0.041666666666666664
3/15/2008,3,0.041666666666666664
3/15/2008,4,0.041666666666666664
3/15/2008,5,0.041666666666666664
3/15/2008,6,0.041666666666666664
3/15/2008,7,0.041666666666666664
3/15/2008,8,0.10256410256410256
3/15/2008,9,0.16666666666666666
3/15/2008,10,0.01282051282051282
3/15/2008,11,0.01282051282051282
3/15/2008,12,0.041666666666666664
3/15/2008,13,0.041666666666666664
3/15/2008,14,0.01282051282051282
3/15/2008,15,0.01282051282051282
3/15/2008,16,0.01282051282051282
3/15/2008,17,0.02564102564102564
3/15/2008,18,0.19230769230769232
3/15/2008,19,0.02564102564102564
3/15/2008,20,0.0641025641025641
3/15/2008,21,0.2692307692307692
3/15/2008,22,0.08974358974358974
3/15/2008,23,0.041666666666666664
3/15/2008,24,0.041666666666666664
3/16/2008,1,0.041666666666666664
3/16/2008,2,0.041666666666666664
3/16/2008,3,0.041666666666666664
3/16/2008,4,0.041666666666666664
3/16/2008,5,0.041666666666666664
3/16/2008,6,0.041666666666666664
3/16/2008,7,0.041666666666666664
3/16/2008,8,0.10256410256410256
3/16/2008,9,0.16666666666666666
3/16/2008,10,0.01282051282051282
3/16/2008,11,0.01282051282051282
3/16/2008,12,0.041666666666666664
3/16/2008,13,0.041666666666666664
3/16/2008,14,0.01282051282051282
3/16/2008,15,0.01282051282051282
3/16/2008,16,0.01282051282051282
3/16/2008,17,0.02564102564102564
3/16/2008,18,0.19230769230769232
3/16/2008,19,0.02564102564102564
3/16/2008,20,0.0641025641025641
3/16/2008,21,0.2692307692307692
3/16/2008,22,0.08974358974358974
3/16/2008,23,0.041666666666666664
3/16/2008,24,0.041666666666666664
3/17/2008,1,0.041666666666666664
3/17/2008,2,0.041666666666666664
3/17/2008,3,0.041666666666666664
3/17/2008,4,0.041666666666666664
3/17/2008,5,0.041666666666666664
3/17/2008,6,0.041666666666666664
3/17/2008,7,0.14646464646464646
3/17/2008,8,0.18686868686868688
3/17/2008,9,0.005050505050505051
3/17/2008,10,0.005050505050505051
3/17/2008,11,0.041666666666666664
3/17/2008,12,0.041666666666666664
3/17/2008,13,0.041666666666666664
3/17/2008,14,0.005050505050505051
3/17/2008,15,0.041666666666666664
3/17/2008,16,0.005050505050505051
3/17/2008,17,0.025252525252525252
3/17/2008,18,0.15656565656565657
3/17/2008,19,0.06060606060606061
3/17/2008,20,0.07575757575757576
3/17/2008,21,0.26262626262626265
3/17/2008,22,0.06565656565656566
3/17/2008,23,0.041666666666666664
3/17/2008,24,0.041666666666666664
3/18/2008,1,0.041666666666666664
3/18/2008,2,0.041666666666666664
3/18/2008,3,0.041666666666666664
3/18/2008,4,0.041666666666666664
3/18/2008,5,0.041666666666666664
3/18/2008,6,0.041666666666666664
3/18/2008,7,0.14646464646464646
3/18/2008,8,0.18686868686868688
3/18/2008,9,0.005050505050505051
3/18/2008,10,0.005050505050505051
3/18/2008,11,0.041666666666666664
3/18/2008,12,0.041666666666666664
3/18/2008,13,0.041666666666666664
3/18/2008,14,0.005050505050505051
3/18/2008,15,0.041666666666666664
3/18/2008,16,0.005050505050505051
3/18/2008,17,0.025252525252525252
3/18/2008,18,0.15656565656565657
3/18/2008,19,0.06060606060606061
3/18/2008,20,0.07575757575757576
3/18/2008,21,0.26262626262626265
3/18/2008,22,0.06565656565656566
3/18/2008,23,0.041666666666666664
3/18/2008,24,0.041666666666666664
3/19/2008,1,0.041666666666666664
3/19/2008,2,0.041666666666666664
3/19/2008,3,0.041666666666666664
3/19/2008,4,0.041666666666666664
3/19/2008,5,0.041666666666666664
3/19/2008,6,0.041666666666666664
3/19/2008,7,0.14646464646464646
3/19/2008,8,0.18686868686868688
3/19/2008,9,0.005050505050505051
3/19/2008,10,0.005050505050505051
3/19/2008,11,0.041666666666666664
3/19/2008,12,0.041666666666666664
3/19/2008,13,0.041666666666666664
3/19/2008,14,0.005050505050505051
3/19/2008,15,0.041666666666666664
3/19/2008,16,0.005050505050505051
3/19/2008,17,0.025252525252525252
3/19/2008,18,0.15656565656565657
3/19/2008,19,0.06060606060606061
3/19/2008,20,0.07575757575757576
3/19/2008,21,0.26262626262626265
3/19/2008,22,0.06565656565656566
3/19/2008,23,0.041666666666666664
3/19/2008,24,0.041666666666666664
3/20/2008,1,0.041666666666666664
3/20/2008,2,0.041666666666666664
3/20/2008,3,0.041666666666666664
3/20/2008,4,0.041666666666666664
3/20/2008,5,0.041666666666666664
3/20/2008,6,0.041666666666666664
3/20/2008,7,0.14646464646464646
3/20/2008,8,0.18686868686868688
3/20/2008,9,0.005050505050505051
3/20/2008,10,0.005050505050505051
3/20/2008,11,0.041666666666666664
3/20/2008,12,0.041666666666666664
3/20/2008,13,0.041666666666666664
3/20/2008,14,0.005050505050505051
3/20/2008,15,0.041666666666666664
3/20/2008,16,0.005050505050505051
3/20/2008,17,0.025252525252525252
3/20/2008,18,0.15656565656565657
3/20/2008,19,0.06060606060606061
3/20/2008,20,0.07575757575757576
3/20/2008,21,0.26262626262626265
3/20/2008,22,0.06565656565656566
3/20/2008,23,0.041666666666666664
3/20/2008,24,0.041666666666666664
3/21/2008,1,0.041666666666666664
3/21/2008,2,0.041666666666666664
3/21/2008,3,0.041666666666666664
3/21/2008,4,0.041666666666666664
3/21/2008,5,0.041666666666666664
3/21/2008,6,0.041666666666666664
3/21/2008,7,0.14646464646464646
3/21/2008,8,0.18686868686868688
3/21/2008,9,0.005050505050505051
3/21/2008,10,0.005050505050505051
3/21/2008,11,0.041666666666666664
3/21/2008,12,0.041666666666666664
3/21/2008,13,0.041666666666666664
3/21/2008,14,0.005050505050505051
3/21/2008,15,0.041666666666666664
3/21/2008,16,0.005050505050505051
3/21/2008,17,0.025252525252525252
3/21/2008,18,0.15656565656565657
3/21/2008,19,0.06060606060606061
3/21/2008,20,0.07575757575757576
3/21/2008,21,0.26262626262626265
3/21/2008,22,0.06565656565656566
3/21/2008,23,0.041666666666666664
3/21/2008,24,0.041666666666666664
3/22/2008,1,0.041666666666666664
3/22/2008,2,0.041666666666666664
3/22/2008,3,0.041666666666666664
3/22/2008,4,0.041666666666666664
3/22/2008,5,0.041666666666666664
3/22/2008,6,0.041666666666666664
3/22/2008,7,0.041666666666666664
3/22/2008,8,0.10256410256410256
3/22/2008,9,0.16666666666666666
3/22/2008,10,0.01282051282051282
3/22/2008,11,0.01282051282051282
3/22/2008,12,0.041666666666666664
3/22/2008,13,0.041666666666666664
3/22/2008,14,0.01282051282051282
3/22/2008,15,0.01282051282051282
3/22/2008,16,0.01282051282051282
3/22/2008,17,0.02564102564102564
3/22/2008,18,0.19230769230769232
3/22/2008,19,0.02564102564102564
3/22/2008,20,0.0641025641025641
3/22/2008,21,0.2692307692307692
3/22/2008,22,0.08974358974358974
3/22/2008,23,0.041666666666666664
3/22/2008,24,0.041666666666666664
3/23/2008,1,0.041666666666666664
3/23/2008,2,0.041666666666666664
3/23/2008,3,0.041666666666666664
3/23/2008,4,0.041666666666666664
3/23/2008,5,0.041666666666666664
3/23/2008,6,0.041666666666666664
3/23/2008,7,0.041666666666666664
3/23/2008,8,0.10256410256410256
3/23/2008,9,0.16666666666666666
3/23/2008,10,0.01282051282051282
3/23/2008,11,0.01282051282051282
3/23/2008,12,0.041666666666666664
3/23/2008,13,0.041666666666666664
3/23/2008,14,0.01282051282051282
3/23/2008,15,0.01282051282051282
3/23/2008,16,0.01282051282051282
3/23/2008,17,0.02564102564102564
3/23/2008,18,0.19230769230769232
3/23/2008,19,0.02564102564102564
3/23/2008,20,0.0641025641025641
3/23/2008,21,0.2692307692307692
3/23/2008,22,0.08974358974358974
3/23/2008,23,0.041666666666666664
3/23/2008,24,0.041666666666666664
3/24/2008,1,0.041666666666666664
3/24/2008,2,0.041666666666666664
3/24/2008,3,0.041666666666666664
3/24/2008,4,0.041666666666666664
3/24/2008,5,0.041666666666666664
3/24/2008,6,0.041666666666666664
3/24/2008,7,0.14646464646464646
3/24/2008,8,0.18686868686868688
3/24/2008,9,0.005050505050505051
3/24/2008,10,0.005050505050505051
3/24/2008,11,0.041666666666666664
3/24/2008,12,0.041666666666666664
3/24/2008,13,0.041666666666666664
3/24/2008,14,0.005050505050505051
3/24/2008,15,0.041666666666666664
3/24/2008,16,0.005050505050505051
3/24/2008,17,0.025252525252525252
3/24/2008,18,0.15656565656565657
3/24/2008,19,0.06060606060606061
3/24/2008,20,0.07575757575757576
3/24/2008,21,0.26262626262626265
3/24/2008,22,0.06565656565656566
3/24/2008,23,0.041666666666666664
3/24/2008,24,0.041666666666666664
3/25/2008,1,0.041666666666666664
3/25/2008,2,0.041666666666666664
3/25/2008,3,0.041666666666666664
3/25/2008,4,0.041666666666666664
3/25/2008,5,0.041666666666666664
3/25/2008,6,0.041666666666666664
3/25/2008,7,0.14646464646464646
3/25/2008,8,0.18686868686868688
3/25/2008,9,0.005050505050505051
3/25/2008,10,0.005050505050505051
3/25/2008,11,0.041666666666666664
3/25/2008,12,0.041666666666666664
3/25/2008,13,0.041666666666666664
3/25/2008,14,0.005050505050505051
3/25/2008,15,0.041666666666666664
3/25/2008,16,0.005050505050505051
3/25/2008,17,0.025252525252525252
3/25/2008,18,0.15656565656565657
3/25/2008,19,0.06060606060606061
3/25/2008,20,0.07575757575757576
3/25/2008,21,0.26262626262626265
3/25/2008,22,0.06565656565656566
3/25/2008,23,0.041666666666666664
3/25/2008,24,0.041666666666666664
3/26/2008,1,0.041666666666666664
3/26/2008,2,0.041666666666666664
3/26/2008,3,0.041666666666666664
3/26/2008,4,0.041666666666666664
3/26/2008,5,0.041666666666666664
3/26/2008,6,0.041666666666666664
3/26/2008,7,0.14646464646464646
3/26/2008,8,0.18686868686868688
3/26/2008,9,0.005050505050505051
3/26/2008,10,0.005050505050505051
3/26/2008,11,0.041666666666666664
3/26/2008,12,0.041666666666666664
3/26/2008,13,0.041666666666666664
3/26/2008,14,0.005050505050505051
3/26/2008,15,0.041666666666666664
3/26/2008,16,0.005050505050505051
3/26/2008,17,0.025252525252525252
3/26/2008,18,0.15656565656565657
3/26/2008,19,0.06060606060606061
3/26/2008,20,0.07575757575757576
3/26/2008,21,0.26262626262626265
3/26/2008,22,0.06565656565656566
3/26/2008,23,0.041666666666666664
3/26/2008,24,0.041666666666666664
3/27/2008,1,0.041666666666666664
3/27/2008,2,0.041666666666666664
3/27/2008,3,0.041666666666666664
3/27/2008,4,0.041666666666666664
3/27/2008,5,0.041666666666666664
3/27/2008,6,0.041666666666666664
3/27/2008,7,0.14646464646464646
3/27/2008,8,0.18686868686868688
3/27/2008,9,0.005050505050505051
3/27/2008,10,0.005050505050505051
3/27/2008,11,0.041666666666666664
3/27/2008,12,0.041666666666666664
3/27/2008,13,0.041666666666666664
3/27/2008,14,0.005050505050505051
3/27/2008,15,0.041666666666666664
3/27/2008,16,0.005050505050505051
3/27/2008,17,0.025252525252525252
3/27/2008,18,0.15656565656565657
3/27/2008,19,0.06060606060606061
3/27/2008,20,0.07575757575757576
3/27/2008,21,0.26262626262626265
3/27/2008,22,0.06565656565656566
3/27/2008,23,0.041666666666666664
3/27/2008,24,0.041666666666666664
3/28/2008,1,0.041666666666666664
3/28/2008,2,0.041666666666666664
3/28/2008,3,0.041666666666666664
3/28/2008,4,0.041666666666666664
3/28/2008,5,0.041666666666666664
3/28/2008,6,0.041666666666666664
3/28/2008,7,0.14646464646464646
3/28/2008,8,0.18686868686868688
3/28/2008,9,0.005050505050505051
3/28/2008,10,0.005050505050505051
3/28/2008,11,0.041666666666666664
3/28/2008,12,0.041666666666666664
3/28/2008,13,0.041666666666666664
3/28/2008,14,0.005050505050505051
3/28/2008,15,0.041666666666666664
3/28/2008,16,0.005050505050505051
3/28/2008,17,0.025252525252525252
3/28/2008,18,0.15656565656565657
3/28/2008,19,0.06060606060606061
3/28/2008,20,0.07575757575757576
3/28/2008,21,0.26262626262626265
3/28/2008,22,0.06565656565656566
3/28/2008,23,0.041666666666666664
3/28/2008,24,0.041666666666666664
3/29/2008,1,0.041666666666666664
3/29/2008,2,0.041666666666666664
3/29/2008,3,0.041666666666666664
3/29/2008,4,0.041666666666666664
3/29/2008,5,0.041666666666666664
3/29/2008,6,0.041666666666666664
3/29/2008,7,0.041666666666666664
3/29/2008,8,0.10256410256410256
3/29/2008,9,0.16666666666666666
3/29/2008,10,0.01282051282051282
3/29/2008,11,0.01282051282051282
3/29/2008,12,0.041666666666666664
3/29/2008,13,0.041666666666666664
3/29/2008,14,0.01282051282051282
3/29/2008,15,0.01282051282051282
3/29/2008,16,0.01282051282051282
3/29/2008,17,0.02564102564102564
3/29/2008,18,0.19230769230769232
3/29/2008,19,0.02564102564102564
3/29/2008,20,0.0641025641025641
3/29/2008,21,0.2692307692307692
3/29/2008,22,0.08974358974358974
3/29/2008,23,0.041666666666666664
3/29/2008,24,0.041666666666666664
3/30/2008,1,0.041666666666666664
3/30/2008,2,0.041666666666666664
3/30/2008,3,0.041666666666666664
3/30/2008,4,0.041666666666666664
3/30/2008,5,0.041666666666666664
3/30/2008,6,0.041666666666666664
3/30/2008,7,0.041666666666666664
3/30/2008,8,0.10256410256410256
3/30/2008,9,0.16666666666666666
3/30/2008,10,0.01282051282051282
3/30/2008,11,0.01282051282051282
3/30/2008,12,0.041666666666666664
3/30/2008,13,0.041666666666666664
3/30/2008,14,0.01282051282051282
3/30/2008,15,0.01282051282051282
3/30/2008,16,0.01282051282051282
3/30/2008,17,0.02564102564102564
3/30/2008,18,0.19230769230769232
3/30/2008,19,0.02564102564102564
3/30/2008,20,0.0641025641025641
3/30/2008,21,0.2692307692307692
3/30/2008,22,0.08974358974358974
3/30/2008,23,0.041666666666666664
3/30/2008,24,0.041666666666666664
3/31/2008,1,0.041666666666666664
3/31/2008,2,0.041666666666666664
3/31/2008,3,0.041666666666666664
3/31/2008,4,0.041666666666666664
3/31/2008,5,0.041666666666666664
3/31/2008,6,0.041666666666666664
3/31/2008,7,0.14646464646464646
3/31/2008,8,0.18686868686868688
3/31/2008,9,0.005050505050505051
3/31/2008,10,0.005050505050505051
3/31/2008,11,0.041666666666666664
3/31/2008,12,0.041666666666666664
3/31/2008,13,0.041666666666666664
3/31/2008,14,0.005050505050505051
3/31/2008,15,0.041666666666666664
3/31/2008,16,0.005050505050505051
3/31/2008,17,0.025252525252525252
3/31/2008,18,0.15656565656565657
3/31/2008,19,0.06060606060606061
3/31/2008,20,0.07575757575757576
3/31/2008,21,0.26262626262626265
3/31/2008,22,0.06565656565656566
3/31/2008,23,0.041666666666666664
3/31/2008,24,0.041666666666666664
4/1/2008,1,0.041666666666666664
4/1/2008,2,0.041666666666666664
4/1/2008,3,0.041666666666666664
4/1/2008,4,0.041666666666666664
4/1/2008,5,0.041666666666666664
4/1/2008,6,0.041666666666666664
4/1/2008,7,0.14646464646464646
4/1/2008,8,0.18686868686868688
4/1/2008,9,0.005050505050505051
4/1/2008,10,0.005050505050505051
4/1/2008,11,0.041666666666666664
4/1/2008,12,0.041666666666666664
4/1/2008,13,0.041666666666666664
4/1/2008,14,0.005050505050505051
4/1/2008,15,0.041666666666666664
4/1/2008,16,0.005050505050505051
4/1/2008,17,0.025252525252525252
4/1/2008,18,0.15656565656565657
4/1/2008,19,0.06060606060606061
4/1/2008,20,0.07575757575757576
4/1/2008,21,0.26262626262626265
4/1/2008,22,0.06565656565656566
4/1/2008,23,0.041666666666666664
4/1/2008,24,0.041666666666666664
4/2/2008,1,0.041666666666666664
4/2/2008,2,0.041666666666666664
4/2/2008,3,0.041666666666666664
4/2/2008,4,0.041666666666666664
4/2/2008,5,0.041666666666666664
4/2/2008,6,0.041666666666666664
4/2/2008,7,0.14646464646464646
4/2/2008,8,0.18686868686868688
4/2/2008,9,0.005050505050505051
4/2/2008,10,0.005050505050505051
4/2/2008,11,0.041666666666666664
4/2/2008,12,0.041666666666666664
4/2/2008,13,0.041666666666666664
4/2/2008,14,0.005050505050505051
4/2/2008,15,0.041666666666666664
4/2/2008,16,0.005050505050505051
4/2/2008,17,0.025252525252525252
4/2/2008,18,0.15656565656565657
4/2/2008,19,0.06060606060606061
4/2/2008,20,0.07575757575757576
4/2/2008,21,0.26262626262626265
4/2/2008,22,0.06565656565656566
4/2/2008,23,0.041666666666666664
4/2/2008,24,0.041666666666666664
4/3/2008,1,0.041666666666666664
4/3/2008,2,0.041666666666666664
4/3/2008,3,0.041666666666666664
4/3/2008,4,0.041666666666666664
4/3/2008,5,0.041666666666666664
4/3/2008,6,0.041666666666666664
4/3/2008,7,0.14646464646464646
4/3/2008,8,0.18686868686868688
4/3/2008,9,0.005050505050505051
4/3/2008,10,0.005050505050505051
4/3/2008,11,0.041666666666666664
4/3/2008,12,0.041666666666666664
4/3/2008,13,0.041666666666666664
4/3/2008,14,0.005050505050505051
4/3/2008,15,0.041666666666666664
4/3/2008,16,0.005050505050505051
4/3/2008,17,0.025252525252525252
4/3/2008,18,0.15656565656565657
4/3/2008,19,0.06060606060606061
4/3/2008,20,0.07575757575757576
4/3/2008,21,0.26262626262626265
4/3/2008,22,0.06565656565656566
4/3/2008,23,0.041666666666666664
4/3/2008,24,0.041666666666666664
4/4/2008,1,0.041666666666666664
4/4/2008,2,0.041666666666666664
4/4/2008,3,0.041666666666666664
4/4/2008,4,0.041666666666666664
4/4/2008,5,0.041666666666666664
4/4/2008,6,0.041666666666666664
4/4/2008,7,0.14646464646464646
4/4/2008,8,0.18686868686868688
4/4/2008,9,0.005050505050505051
4/4/2008,10,0.005050505050505051
4/4/2008,11,0.041666666666666664
4/4/2008,12,0.041666666666666664
4/4/2008,13,0.041666666666666664
4/4/2008,14,0.005050505050505051
4/4/2008,15,0.041666666666666664
4/4/2008,16,0.005050505050505051
4/4/2008,17,0.025252525252525252
4/4/2008,18,0.15656565656565657
4/4/2008,19,0.06060606060606061
4/4/2008,20,0.07575757575757576
4/4/2008,21,0.26262626262626265
4/4/2008,22,0.06565656565656566
4/4/2008,23,0.041666666666666664
4/4/2008,24,0.041666666666666664
4/5/2008,1,0.041666666666666664
4/5/2008,2,0.041666666666666664
4/5/2008,3,0.041666666666666664
4/5/2008,4,0.041666666666666664
4/5/2008,5,0.041666666666666664
4/5/2008,6,0.041666666666666664
4/5/2008,7,0.041666666666666664
4/5/2008,8,0.10256410256410256
4/5/2008,9,0.16666666666666666
4/5/2008,10,0.01282051282051282
4/5/2008,11,0.01282051282051282
4/5/2008,12,0.041666666666666664
4/5/2008,13,0.041666666666666664
4/5/2008,14,0.01282051282051282
4/5/2008,15,0.01282051282051282
4/5/2008,16,0.01282051282051282
4/5/2008,17,0.02564102564102564
4/5/2008,18,0.19230769230769232
4/5/2008,19,0.02564102564102564
4/5/2008,20,0.0641025641025641
4/5/2008,21,0.2692307692307692
4/5/2008,22,0.08974358974358974
4/5/2008,23,0.041666666666666664
4/5/2008,24,0.041666666666666664
4/6/2008,1,0.041666666666666664
4/6/2008,2,0.041666666666666664
4/6/2008,3,0.041666666666666664
4/6/2008,4,0.041666666666666664
4/6/2008,5,0.041666666666666664
4/6/2008,6,0.041666666666666664
4/6/2008,7,0.041666666666666664
4/6/2008,8,0.10256410256410256
4/6/2008,9,0.16666666666666666
4/6/2008,10,0.01282051282051282
4/6/2008,11,0.01282051282051282
4/6/2008,12,0.041666666666666664
4/6/2008,13,0.041666666666666664
4/6/2008,14,0.01282051282051282
4/6/2008,15,0.01282051282051282
4/6/2008,16,0.01282051282051282
4/6/2008,17,0.02564102564102564
4/6/2008,18,0.19230769230769232
4/6/2008,19,0.02564102564102564
4/6/2008,20,0.0641025641025641
4/6/2008,21,0.2692307692307692
4/6/2008,22,0.08974358974358974
4/6/2008,23,0.041666666666666664
4/6/2008,24,0.041666666666666664
4/7/2008,1,0.041666666666666664
4/7/2008,2,0.041666666666666664
4/7/2008,3,0.041666666666666664
4/7/2008,4,0.041666666666666664
4/7/2008,5,0.041666666666666664
4/7/2008,6,0.041666666666666664
4/7/2008,7,0.14646464646464646
4/7/2008,8,0.18686868686868688
4/7/2008,9,0.005050505050505051
4/7/2008,10,0.005050505050505051
4/7/2008,11,0.041666666666666664
4/7/2008,12,0.041666666666666664
4/7/2008,13,0.041666666666666664
4/7/2008,14,0.005050505050505051
4/7/2008,15,0.041666666666666664
4/7/2008,16,0.005050505050505051
4/7/2008,17,0.025252525252525252
4/7/2008,18,0.15656565656565657
4/7/2008,19,0.06060606060606061
4/7/2008,20,0.07575757575757576
4/7/2008,21,0.26262626262626265
4/7/2008,22,0.06565656565656566
4/7/2008,23,0.041666666666666664
4/7/2008,24,0.041666666666666664
4/8/2008,1,0.041666666666666664
4/8/2008,2,0.041666666666666664
4/8/2008,3,0.041666666666666664
4/8/2008,4,0.041666666666666664
4/8/2008,5,0.041666666666666664
4/8/2008,6,0.041666666666666664
4/8/2008,7,0.14646464646464646
4/8/2008,8,0.18686868686868688
4/8/2008,9,0.005050505050505051
4/8/2008,10,0.005050505050505051
4/8/2008,11,0.041666666666666664
4/8/2008,12,0.041666666666666664
4/8/2008,13,0.041666666666666664
4/8/2008,14,0.005050505050505051
4/8/2008,15,0.041666666666666664
4/8/2008,16,0.005050505050505051
4/8/2008,17,0.025252525252525252
4/8/2008,18,0.15656565656565657
4/8/2008,19,0.06060606060606061
4/8/2008,20,0.07575757575757576
4/8/2008,21,0.26262626262626265
4/8/2008,22,0.06565656565656566
4/8/2008,23,0.041666666666666664
4/8/2008,24,0.041666666666666664
4/9/2008,1,0.041666666666666664
4/9/2008,2,0.041666666666666664
4/9/2008,3,0.041666666666666664
4/9/2008,4,0.041666666666666664
4/9/2008,5,0.041666666666666664
4/9/2008,6,0.041666666666666664
4/9/2008,7,0.14646464646464646
4/9/2008,8,0.18686868686868688
4/9/2008,9,0.005050505050505051
4/9/2008,10,0.005050505050505051
4/9/2008,11,0.041666666666666664
4/9/2008,12,0.041666666666666664
4/9/2008,13,0.041666666666666664
4/9/2008,14,0.005050505050505051
4/9/2008,15,0.041666666666666664
4/9/2008,16,0.005050505050505051
4/9/2008,17,0.025252525252525252
4/9/2008,18,0.15656565656565657
4/9/2008,19,0.06060606060606061
4/9/2008,20,0.07575757575757576
4/9/2008,21,0.26262626262626265
4/9/2008,22,0.06565656565656566
4/9/2008,23,0.041666666666666664
4/9/2008,24,0.041666666666666664
4/10/2008,1,0.041666666666666664
4/10/2008,2,0.041666666666666664
4/10/2008,3,0.041666666666666664
4/10/2008,4,0.041666666666666664
4/10/2008,5,0.041666666666666664
4/10/2008,6,0.041666666666666664
4/10/2008,7,0.14646464646464646
4/10/2008,8,0.18686868686868688
4/10/2008,9,0.005050505050505051
4/10/2008,10,0.005050505050505051
4/10/2008,11,0.041666666666666664
4/10/2008,12,0.041666666666666664
4/10/2008,13,0.041666666666666664
4/10/2008,14,0.005050505050505051
4/10/2008,15,0.041666666666666664
4/10/2008,16,0.005050505050505051
4/10/2008,17,0.025252525252525252
4/10/2008,18,0.15656565656565657
4/10/2008,19,0.06060606060606061
4/10/2008,20,0.07575757575757576
4/10/2008,21,0.26262626262626265
4/10/2008,22,0.06565656565656566
4/10/2008,23,0.041666666666666664
4/10/2008,24,0.041666666666666664
4/11/2008,1,0.041666666666666664
4/11/2008,2,0.041666666666666664
4/11/2008,3,0.041666666666666664
4/11/2008,4,0.041666666666666664
4/11/2008,5,0.041666666666666664
4/11/2008,6,0.041666666666666664
4/11/2008,7,0.14646464646464646
4/11/2008,8,0.18686868686868688
4/11/2008,9,0.005050505050505051
4/11/2008,10,0.005050505050505051
4/11/2008,11,0.041666666666666664
4/11/2008,12,0.041666666666666664
4/11/2008,13,0.041666666666666664
4/11/2008,14,0.005050505050505051
4/11/2008,15,0.041666666666666664
4/11/2008,16,0.005050505050505051
4/11/2008,17,0.025252525252525252
4/11/2008,18,0.15656565656565657
4/11/2008,19,0.06060606060606061
4/11/2008,20,0.07575757575757576
4/11/2008,21,0.26262626262626265
4/11/2008,22,0.06565656565656566
4/11/2008,23,0.041666666666666664
4/11/2008,24,0.041666666666666664
4/12/2008,1,0.041666666666666664
4/12/2008,2,0.041666666666666664
4/12/2008,3,0.041666666666666664
4/12/2008,4,0.041666666666666664
4/12/2008,5,0.041666666666666664
4/12/2008,6,0.041666666666666664
4/12/2008,7,0.041666666666666664
4/12/2008,8,0.10256410256410256
4/12/2008,9,0.16666666666666666
4/12/2008,10,0.01282051282051282
4/12/2008,11,0.01282051282051282
4/12/2008,12,0.041666666666666664
4/12/2008,13,0.041666666666666664
4/12/2008,14,0.01282051282051282
4/12/2008,15,0.01282051282051282
4/12/2008,16,0.01282051282051282
4/12/2008,17,0.02564102564102564
4/12/2008,18,0.19230769230769232
4/12/2008,19,0.02564102564102564
4/12/2008,20,0.0641025641025641
4/12/2008,21,0.2692307692307692
4/12/2008,22,0.08974358974358974
4/12/2008,23,0.041666666666666664
4/12/2008,24,0.041666666666666664
4/13/2008,1,0.041666666666666664
4/13/2008,2,0.041666666666666664
4/13/2008,3,0.041666666666666664
4/13/2008,4,0.041666666666666664
4/13/2008,5,0.041666666666666664
4/13/2008,6,0.041666666666666664
4/13/2008,7,0.041666666666666664
4/13/2008,8,0.10256410256410256
4/13/2008,9,0.16666666666666666
4/13/2008,10,0.01282051282051282
4/13/2008,11,0.01282051282051282
4/13/2008,12,0.041666666666666664
4/13/2008,13,0.041666666666666664
4/13/2008,14,0.01282051282051282
4/13/2008,15,0.01282051282051282
4/13/2008,16,0.01282051282051282
4/13/2008,17,0.02564102564102564
4/13/2008,18,0.19230769230769232
4/13/2008,19,0.02564102564102564
4/13/2008,20,0.0641025641025641
4/13/2008,21,0.2692307692307692
4/13/2008,22,0.08974358974358974
4/13/2008,23,0.041666666666666664
4/13/2008,24,0.041666666666666664
4/14/2008,1,0.041666666666666664
4/14/2008,2,0.041666666666666664
4/14/2008,3,0.041666666666666664
4/14/2008,4,0.041666666666666664
4/14/2008,5,0.041666666666666664
4/14/2008,6,0.041666666666666664
4/14/2008,7,0.14646464646464646
4/14/2008,8,0.18686868686868688
4/14/2008,9,0.005050505050505051
4/14/2008,10,0.005050505050505051
4/14/2008,11,0.041666666666666664
4/14/2008,12,0.041666666666666664
4/14/2008,13,0.041666666666666664
4/14/2008,14,0.005050505050505051
4/14/2008,15,0.041666666666666664
4/14/2008,16,0.005050505050505051
4/14/2008,17,0.025252525252525252
4/14/2008,18,0.15656565656565657
4/14/2008,19,0.06060606060606061
4/14/2008,20,0.07575757575757576
4/14/2008,21,0.26262626262626265
4/14/2008,22,0.06565656565656566
4/14/2008,23,0.041666666666666664
4/14/2008,24,0.041666666666666664
4/15/2008,1,0.041666666666666664
4/15/2008,2,0.041666666666666664
4/15/2008,3,0.041666666666666664
4/15/2008,4,0.041666666666666664
4/15/2008,5,0.041666666666666664
4/15/2008,6,0.041666666666666664
4/15/2008,7,0.14646464646464646
4/15/2008,8,0.18686868686868688
4/15/2008,9,0.005050505050505051
4/15/2008,10,0.005050505050505051
4/15/2008,11,0.041666666666666664
4/15/2008,12,0.041666666666666664
4/15/2008,13,0.041666666666666664
4/15/2008,14,0.005050505050505051
4/15/2008,15,0.041666666666666664
4/15/2008,16,0.005050505050505051
4/15/2008,17,0.025252525252525252
4/15/2008,18,0.15656565656565657
4/15/2008,19,0.06060606060606061
4/15/2008,20,0.07575757575757576
4/15/2008,21,0.26262626262626265
4/15/2008,22,0.06565656565656566
4/15/2008,23,0.041666666666666664
4/15/2008,24,0.041666666666666664
4/16/2008,1,0.041666666666666664
4/16/2008,2,0.041666666666666664
4/16/2008,3,0.041666666666666664
4/16/2008,4,0.041666666666666664
4/16/2008,5,0.041666666666666664
4/16/2008,6,0.041666666666666664
4/16/2008,7,0.14646464646464646
4/16/2008,8,0.18686868686868688
4/16/2008,9,0.005050505050505051
4/16/2008,10,0.005050505050505051
4/16/2008,11,0.041666666666666664
4/16/2008,12,0.041666666666666664
4/16/2008,13,0.041666666666666664
4/16/2008,14,0.005050505050505051
4/16/2008,15,0.041666666666666664
4/16/2008,16,0.005050505050505051
4/16/2008,17,0.025252525252525252
4/16/2008,18,0.15656565656565657
4/16/2008,19,0.06060606060606061
4/16/2008,20,0.07575757575757576
4/16/2008,21,0.26262626262626265
4/16/2008,22,0.06565656565656566
4/16/2008,23,0.041666666666666664
4/16/2008,24,0.041666666666666664
4/17/2008,1,0.041666666666666664
4/17/2008,2,0.041666666666666664
4/17/2008,3,0.041666666666666664
4/17/2008,4,0.041666666666666664
4/17/2008,5,0.041666666666666664
4/17/2008,6,0.041666666666666664
4/17/2008,7,0.14646464646464646
4/17/2008,8,0.18686868686868688
4/17/2008,9,0.005050505050505051
4/17/2008,10,0.005050505050505051
4/17/2008,11,0.041666666666666664
4/17/2008,12,0.041666666666666664
4/17/2008,13,0.041666666666666664
4/17/2008,14,0.005050505050505051
4/17/2008,15,0.041666666666666664
4/17/2008,16,0.005050505050505051
4/17/2008,17,0.025252525252525252
4/17/2008,18,0.15656565656565657
4/17/2008,19,0.06060606060606061
4/17/2008,20,0.07575757575757576
4/17/2008,21,0.26262626262626265
4/17/2008,22,0.06565656565656566
4/17/2008,23,0.041666666666666664
4/17/2008,24,0.041666666666666664
4/18/2008,1,0.041666666666666664
4/18/2008,2,0.041666666666666664
4/18/2008,3,0.041666666666666664
4/18/2008,4,0.041666666666666664
4/18/2008,5,0.041666666666666664
4/18/2008,6,0.041666666666666664
4/18/2008,7,0.14646464646464646
4/18/2008,8,0.18686868686868688
4/18/2008,9,0.005050505050505051
4/18/2008,10,0.005050505050505051
4/18/2008,11,0.041666666666666664
4/18/2008,12,0.041666666666666664
4/18/2008,13,0.041666666666666664
4/18/2008,14,0.005050505050505051
4/18/2008,15,0.041666666666666664
4/18/2008,16,0.005050505050505051
4/18/2008,17,0.025252525252525252
4/18/2008,18,0.15656565656565657
4/18/2008,19,0.06060606060606061
4/18/2008,20,0.07575757575757576
4/18/2008,21,0.26262626262626265
4/18/2008,22,0.06565656565656566
4/18/2008,23,0.041666666666666664
4/18/2008,24,0.041666666666666664
4/19/2008,1,0.041666666666666664
4/19/2008,2,0.041666666666666664
4/19/2008,3,0.041666666666666664
4/19/2008,4,0.041666666666666664
4/19/2008,5,0.041666666666666664
4/19/2008,6,0.041666666666666664
4/19/2008,7,0.041666666666666664
4/19/2008,8,0.10256410256410256
4/19/2008,9,0.16666666666666666
4/19/2008,10,0.01282051282051282
4/19/2008,11,0.01282051282051282
4/19/2008,12,0.041666666666666664
4/19/2008,13,0.041666666666666664
4/19/2008,14,0.01282051282051282
4/19/2008,15,0.01282051282051282
4/19/2008,16,0.01282051282051282
4/19/2008,17,0.02564102564102564
4/19/2008,18,0.19230769230769232
4/19/2008,19,0.02564102564102564
4/19/2008,20,0.0641025641025641
4/19/2008,21,0.2692307692307692
4/19/2008,22,0.08974358974358974
4/19/2008,23,0.041666666666666664
4/19/2008,24,0.041666666666666664
4/20/2008,1,0.041666666666666664
4/20/2008,2,0.041666666666666664
4/20/2008,3,0.041666666666666664
4/20/2008,4,0.041666666666666664
4/20/2008,5,0.041666666666666664
4/20/2008,6,0.041666666666666664
4/20/2008,7,0.041666666666666664
4/20/2008,8,0.10256410256410256
4/20/2008,9,0.16666666666666666
4/20/2008,10,0.01282051282051282
4/20/2008,11,0.01282051282051282
4/20/2008,12,0.041666666666666664
4/20/2008,13,0.041666666666666664
4/20/2008,14,0.01282051282051282
4/20/2008,15,0.01282051282051282
4/20/2008,16,0.01282051282051282
4/20/2008,17,0.02564102564102564
4/20/2008,18,0.19230769230769232
4/20/2008,19,0.02564102564102564
4/20/2008,20,0.0641025641025641
4/20/2008,21,0.2692307692307692
4/20/2008,22,0.08974358974358974
4/20/2008,23,0.041666666666666664
4/20/2008,24,0.041666666666666664
4/21/2008,1,0.041666666666666664
4/21/2008,2,0.041666666666666664
4/21/2008,3,0.041666666666666664
4/21/2008,4,0.041666666666666664
4/21/2008,5,0.041666666666666664
4/21/2008,6,0.041666666666666664
4/21/2008,7,0.14646464646464646
4/21/2008,8,0.18686868686868688
4/21/2008,9,0.005050505050505051
4/21/2008,10,0.005050505050505051
4/21/2008,11,0.041666666666666664
4/21/2008,12,0.041666666666666664
4/21/2008,13,0.041666666666666664
4/21/2008,14,0.005050505050505051
4/21/2008,15,0.041666666666666664
4/21/2008,16,0.005050505050505051
4/21/2008,17,0.025252525252525252
4/21/2008,18,0.15656565656565657
4/21/2008,19,0.06060606060606061
4/21/2008,20,0.07575757575757576
4/21/2008,21,0.26262626262626265
4/21/2008,22,0.06565656565656566
4/21/2008,23,0.041666666666666664
4/21/2008,24,0.041666666666666664
4/22/2008,1,0.041666666666666664
4/22/2008,2,0.041666666666666664
4/22/2008,3,0.041666666666666664
4/22/2008,4,0.041666666666666664
4/22/2008,5,0.041666666666666664
4/22/2008,6,0.041666666666666664
4/22/2008,7,0.14646464646464646
4/22/2008,8,0.18686868686868688
4/22/2008,9,0.005050505050505051
4/22/2008,10,0.005050505050505051
4/22/2008,11,0.041666666666666664
4/22/2008,12,0.041666666666666664
4/22/2008,13,0.041666666666666664
4/22/2008,14,0.005050505050505051
4/22/2008,15,0.041666666666666664
4/22/2008,16,0.005050505050505051
4/22/2008,17,0.025252525252525252
4/22/2008,18,0.15656565656565657
4/22/2008,19,0.06060606060606061
4/22/2008,20,0.07575757575757576
4/22/2008,21,0.26262626262626265
4/22/2008,22,0.06565656565656566
4/22/2008,23,0.041666666666666664
4/22/2008,24,0.041666666666666664
4/23/2008,1,0.041666666666666664
4/23/2008,2,0.041666666666666664
4/23/2008,3,0.041666666666666664
4/23/2008,4,0.041666666666666664
4/23/2008,5,0.041666666666666664
4/23/2008,6,0.041666666666666664
4/23/2008,7,0.14646464646464646
4/23/2008,8,0.18686868686868688
4/23/2008,9,0.005050505050505051
4/23/2008,10,0.005050505050505051
4/23/2008,11,0.041666666666666664
4/23/2008,12,0.041666666666666664
4/23/2008,13,0.041666666666666664
4/23/2008,14,0.005050505050505051
4/23/2008,15,0.041666666666666664
4/23/2008,16,0.005050505050505051
4/23/2008,17,0.025252525252525252
4/23/2008,18,0.15656565656565657
4/23/2008,19,0.06060606060606061
4/23/2008,20,0.07575757575757576
4/23/2008,21,0.26262626262626265
4/23/2008,22,0.06565656565656566
4/23/2008,23,0.041666666666666664
4/23/2008,24,0.041666666666666664
4/24/2008,1,0.041666666666666664
4/24/2008,2,0.041666666666666664
4/24/2008,3,0.041666666666666664
4/24/2008,4,0.041666666666666664
4/24/2008,5,0.041666666666666664
4/24/2008,6,0.041666666666666664
4/24/2008,7,0.14646464646464646
4/24/2008,8,0.18686868686868688
4/24/2008,9,0.005050505050505051
4/24/2008,10,0.005050505050505051
4/24/2008,11,0.041666666666666664
4/24/2008,12,0.041666666666666664
4/24/2008,13,0.041666666666666664
4/24/2008,14,0.005050505050505051
4/24/2008,15,0.041666666666666664
4/24/2008,16,0.005050505050505051
4/24/2008,17,0.025252525252525252
4/24/2008,18,0.15656565656565657
4/24/2008,19,0.06060606060606061
4/24/2008,20,0.07575757575757576
4/24/2008,21,0.26262626262626265
4/24/2008,22,0.06565656565656566
4/24/2008,23,0.041666666666666664
4/24/2008,24,0.041666666666666664
4/25/2008,1,0.041666666666666664
4/25/2008,2,0.041666666666666664
4/25/2008,3,0.041666666666666664
4/25/2008,4,0.041666666666666664
4/25/2008,5,0.041666666666666664
4/25/2008,6,0.041666666666666664
4/25/2008,7,0.14646464646464646
4/25/2008,8,0.18686868686868688
4/25/2008,9,0.005050505050505051
4/25/2008,10,0.005050505050505051
4/25/2008,11,0.041666666666666664
4/25/2008,12,0.041666666666666664
4/25/2008,13,0.041666666666666664
4/25/2008,14,0.005050505050505051
4/25/2008,15,0.041666666666666664
4/25/2008,16,0.005050505050505051
4/25/2008,17,0.025252525252525252
4/25/2008,18,0.15656565656565657
4/25/2008,19,0.06060606060606061
4/25/2008,20,0.07575757575757576
4/25/2008,21,0.26262626262626265
4/25/2008,22,0.06565656565656566
4/25/2008,23,0.041666666666666664
4/25/2008,24,0.041666666666666664
4/26/2008,1,0.041666666666666664
4/26/2008,2,0.041666666666666664
4/26/2008,3,0.041666666666666664
4/26/2008,4,0.041666666666666664
4/26/2008,5,0.041666666666666664
4/26/2008,6,0.041666666666666664
4/26/2008,7,0.041666666666666664
4/26/2008,8,0.10256410256410256
4/26/2008,9,0.16666666666666666
4/26/2008,10,0.01282051282051282
4/26/2008,11,0.01282051282051282
4/26/2008,12,0.041666666666666664
4/26/2008,13,0.041666666666666664
4/26/2008,14,0.01282051282051282
4/26/2008,15,0.01282051282051282
4/26/2008,16,0.01282051282051282
4/26/2008,17,0.02564102564102564
4/26/2008,18,0.19230769230769232
4/26/2008,19,0.02564102564102564
4/26/2008,20,0.0641025641025641
4/26/2008,21,0.2692307692307692
4/26/2008,22,0.08974358974358974
4/26/2008,23,0.041666666666666664
4/26/2008,24,0.041666666666666664
4/27/2008,1,0.041666666666666664
4/27/2008,2,0.041666666666666664
4/27/2008,3,0.041666666666666664
4/27/2008,4,0.041666666666666664
4/27/2008,5,0.041666666666666664
4/27/2008,6,0.041666666666666664
4/27/2008,7,0.041666666666666664
4/27/2008,8,0.10256410256410256
4/27/2008,9,0.16666666666666666
4/27/2008,10,0.01282051282051282
4/27/2008,11,0.01282051282051282
4/27/2008,12,0.041666666666666664
4/27/2008,13,0.041666666666666664
4/27/2008,14,0.01282051282051282
4/27/2008,15,0.01282051282051282
4/27/2008,16,0.01282051282051282
4/27/2008,17,0.02564102564102564
4/27/2008,18,0.19230769230769232
4/27/2008,19,0.02564102564102564
4/27/2008,20,0.0641025641025641
4/27/2008,21,0.2692307692307692
4/27/2008,22,0.08974358974358974
4/27/2008,23,0.041666666666666664
4/27/2008,24,0.041666666666666664
4/28/2008,1,0.041666666666666664
4/28/2008,2,0.041666666666666664
4/28/2008,3,0.041666666666666664
4/28/2008,4,0.041666666666666664
4/28/2008,5,0.041666666666666664
4/28/2008,6,0.041666666666666664
4/28/2008,7,0.14646464646464646
4/28/2008,8,0.18686868686868688
4/28/2008,9,0.005050505050505051
4/28/2008,10,0.005050505050505051
4/28/2008,11,0.041666666666666664
4/28/2008,12,0.041666666666666664
4/28/2008,13,0.041666666666666664
4/28/2008,14,0.005050505050505051
4/28/2008,15,0.041666666666666664
4/28/2008,16,0.005050505050505051
4/28/2008,17,0.025252525252525252
4/28/2008,18,0.15656565656565657
4/28/2008,19,0.06060606060606061
4/28/2008,20,0.07575757575757576
4/28/2008,21,0.26262626262626265
4/28/2008,22,0.06565656565656566
4/28/2008,23,0.041666666666666664
4/28/2008,24,0.041666666666666664
4/29/2008,1,0.041666666666666664
4/29/2008,2,0.041666666666666664
4/29/2008,3,0.041666666666666664
4/29/2008,4,0.041666666666666664
4/29/2008,5,0.041666666666666664
4/29/2008,6,0.041666666666666664
4/29/2008,7,0.14646464646464646
4/29/2008,8,0.18686868686868688
4/29/2008,9,0.005050505050505051
4/29/2008,10,0.005050505050505051
4/29/2008,11,0.041666666666666664
4/29/2008,12,0.041666666666666664
4/29/2008,13,0.041666666666666664
4/29/2008,14,0.005050505050505051
4/29/2008,15,0.041666666666666664
4/29/2008,16,0.005050505050505051
4/29/2008,17,0.025252525252525252
4/29/2008,18,0.15656565656565657
4/29/2008,19,0.06060606060606061
4/29/2008,20,0.07575757575757576
4/29/2008,21,0.26262626262626265
4/29/2008,22,0.06565656565656566
4/29/2008,23,0.041666666666666664
4/29/2008,24,0.041666666666666664
4/30/2008,1,0.041666666666666664
4/30/2008,2,0.041666666666666664
4/30/2008,3,0.041666666666666664
4/30/2008,4,0.041666666666666664
4/30/2008,5,0.041666666666666664
4/30/2008,6,0.041666666666666664
4/30/2008,7,0.14646464646464646
4/30/2008,8,0.18686868686868688
4/30/2008,9,0.005050505050505051
4/30/2008,10,0.005050505050505051
4/30/2008,11,0.041666666666666664
4/30/2008,12,0.041666666666666664
4/30/2008,13,0.041666666666666664
4/30/2008,14,0.005050505050505051
4/30/2008,15,0.041666666666666664
4/30/2008,16,0.005050505050505051
4/30/2008,17,0.025252525252525252
4/30/2008,18,0.15656565656565657
4/30/2008,19,0.06060606060606061
4/30/2008,20,0.07575757575757576
4/30/2008,21,0.26262626262626265
4/30/2008,22,0.06565656565656566
4/30/2008,23,0.041666666666666664
4/30/2008,24,0.041666666666666664
5/1/2008,1,0.041666666666666664
5/1/2008,2,0.041666666666666664
5/1/2008,3,0.041666666666666664
5/1/2008,4,0.041666666666666664
5/1/2008,5,0.041666666666666664
5/1/2008,6,0.041666666666666664
5/1/2008,7,0.14646464646464646
5/1/2008,8,0.18686868686868688
5/1/2008,9,0.005050505050505051
5/1/2008,10,0.005050505050505051
5/1/2008,11,0.041666666666666664
5/1/2008,12,0.041666666666666664
5/1/2008,13,0.041666666666666664
5/1/2008,14,0.005050505050505051
5/1/2008,15,0.041666666666666664
5/1/2008,16,0.005050505050505051
5/1/2008,17,0.025252525252525252
5/1/2008,18,0.15656565656565657
5/1/2008,19,0.06060606060606061
5/1/2008,20,0.07575757575757576
5/1/2008,21,0.26262626262626265
5/1/2008,22,0.06565656565656566
5/1/2008,23,0.041666666666666664
5/1/2008,24,0.041666666666666664
5/2/2008,1,0.041666666666666664
5/2/2008,2,0.041666666666666664
5/2/2008,3,0.041666666666666664
5/2/2008,4,0.041666666666666664
5/2/2008,5,0.041666666666666664
5/2/2008,6,0.041666666666666664
5/2/2008,7,0.14646464646464646
5/2/2008,8,0.18686868686868688
5/2/2008,9,0.005050505050505051
5/2/2008,10,0.005050505050505051
5/2/2008,11,0.041666666666666664
5/2/2008,12,0.041666666666666664
5/2/2008,13,0.041666666666666664
5/2/2008,14,0.005050505050505051
5/2/2008,15,0.041666666666666664
5/2/2008,16,0.005050505050505051
5/2/2008,17,0.025252525252525252
5/2/2008,18,0.15656565656565657
5/2/2008,19,0.06060606060606061
5/2/2008,20,0.07575757575757576
5/2/2008,21,0.26262626262626265
5/2/2008,22,0.06565656565656566
5/2/2008,23,0.041666666666666664
5/2/2008,24,0.041666666666666664
5/3/2008,1,0.041666666666666664
5/3/2008,2,0.041666666666666664
5/3/2008,3,0.041666666666666664
5/3/2008,4,0.041666666666666664
5/3/2008,5,0.041666666666666664
5/3/2008,6,0.041666666666666664
5/3/2008,7,0.041666666666666664
5/3/2008,8,0.10256410256410256
5/3/2008,9,0.16666666666666666
5/3/2008,10,0.01282051282051282
5/3/2008,11,0.01282051282051282
5/3/2008,12,0.041666666666666664
5/3/2008,13,0.041666666666666664
5/3/2008,14,0.01282051282051282
5/3/2008,15,0.01282051282051282
5/3/2008,16,0.01282051282051282
5/3/2008,17,0.02564102564102564
5/3/2008,18,0.19230769230769232
5/3/2008,19,0.02564102564102564
5/3/2008,20,0.0641025641025641
5/3/2008,21,0.2692307692307692
5/3/2008,22,0.08974358974358974
5/3/2008,23,0.041666666666666664
5/3/2008,24,0.041666666666666664
5/4/2008,1,0.041666666666666664
5/4/2008,2,0.041666666666666664
5/4/2008,3,0.041666666666666664
5/4/2008,4,0.041666666666666664
5/4/2008,5,0.041666666666666664
5/4/2008,6,0.041666666666666664
5/4/2008,7,0.041666666666666664
5/4/2008,8,0.10256410256410256
5/4/2008,9,0.16666666666666666
5/4/2008,10,0.01282051282051282
5/4/2008,11,0.01282051282051282
5/4/2008,12,0.041666666666666664
5/4/2008,13,0.041666666666666664
5/4/2008,14,0.01282051282051282
5/4/2008,15,0.01282051282051282
5/4/2008,16,0.01282051282051282
5/4/2008,17,0.02564102564102564
5/4/2008,18,0.19230769230769232
5/4/2008,19,0.02564102564102564
5/4/2008,20,0.0641025641025641
5/4/2008,21,0.2692307692307692
5/4/2008,22,0.08974358974358974
5/4/2008,23,0.041666666666666664
5/4/2008,24,0.041666666666666664
5/5/2008,1,0.041666666666666664
5/5/2008,2,0.041666666666666664
5/5/2008,3,0.041666666666666664
5/5/2008,4,0.041666666666666664
5/5/2008,5,0.041666666666666664
5/5/2008,6,0.041666666666666664
5/5/2008,7,0.14646464646464646
5/5/2008,8,0.18686868686868688
5/5/2008,9,0.005050505050505051
5/5/2008,10,0.005050505050505051
5/5/2008,11,0.041666666666666664
5/5/2008,12,0.041666666666666664
5/5/2008,13,0.041666666666666664
5/5/2008,14,0.005050505050505051
5/5/2008,15,0.041666666666666664
5/5/2008,16,0.005050505050505051
5/5/2008,17,0.025252525252525252
5/5/2008,18,0.15656565656565657
5/5/2008,19,0.06060606060606061
5/5/2008,20,0.07575757575757576
5/5/2008,21,0.26262626262626265
5/5/2008,22,0.06565656565656566
5/5/2008,23,0.041666666666666664
5/5/2008,24,0.041666666666666664
5/6/2008,1,0.041666666666666664
5/6/2008,2,0.041666666666666664
5/6/2008,3,0.041666666666666664
5/6/2008,4,0.041666666666666664
5/6/2008,5,0.041666666666666664
5/6/2008,6,0.041666666666666664
5/6/2008,7,0.14646464646464646
5/6/2008,8,0.18686868686868688
5/6/2008,9,0.005050505050505051
5/6/2008,10,0.005050505050505051
5/6/2008,11,0.041666666666666664
5/6/2008,12,0.041666666666666664
5/6/2008,13,0.041666666666666664
5/6/2008,14,0.005050505050505051
5/6/2008,15,0.041666666666666664
5/6/2008,16,0.005050505050505051
5/6/2008,17,0.025252525252525252
5/6/2008,18,0.15656565656565657
5/6/2008,19,0.06060606060606061
5/6/2008,20,0.07575757575757576
5/6/2008,21,0.26262626262626265
5/6/2008,22,0.06565656565656566
5/6/2008,23,0.041666666666666664
5/6/2008,24,0.041666666666666664
5/7/2008,1,0.041666666666666664
5/7/2008,2,0.041666666666666664
5/7/2008,3,0.041666666666666664
5/7/2008,4,0.041666666666666664
5/7/2008,5,0.041666666666666664
5/7/2008,6,0.041666666666666664
5/7/2008,7,0.14646464646464646
5/7/2008,8,0.18686868686868688
5/7/2008,9,0.005050505050505051
5/7/2008,10,0.005050505050505051
5/7/2008,11,0.041666666666666664
5/7/2008,12,0.041666666666666664
5/7/2008,13,0.041666666666666664
5/7/2008,14,0.005050505050505051
5/7/2008,15,0.041666666666666664
5/7/2008,16,0.005050505050505051
5/7/2008,17,0.025252525252525252
5/7/2008,18,0.15656565656565657
5/7/2008,19,0.06060606060606061
5/7/2008,20,0.07575757575757576
5/7/2008,21,0.26262626262626265
5/7/2008,22,0.06565656565656566
5/7/2008,23,0.041666666666666664
5/7/2008,24,0.041666666666666664
5/8/2008,1,0.041666666666666664
5/8/2008,2,0.041666666666666664
5/8/2008,3,0.041666666666666664
5/8/2008,4,0.041666666666666664
5/8/2008,5,0.041666666666666664
5/8/2008,6,0.041666666666666664
5/8/2008,7,0.14646464646464646
5/8/2008,8,0.18686868686868688
5/8/2008,9,0.005050505050505051
5/8/2008,10,0.005050505050505051
5/8/2008,11,0.041666666666666664
5/8/2008,12,0.041666666666666664
5/8/2008,13,0.041666666666666664
5/8/2008,14,0.005050505050505051
5/8/2008,15,0.041666666666666664
5/8/2008,16,0.005050505050505051
5/8/2008,17,0.025252525252525252
5/8/2008,18,0.15656565656565657
5/8/2008,19,0.06060606060606061
5/8/2008,20,0.07575757575757576
5/8/2008,21,0.26262626262626265
5/8/2008,22,0.06565656565656566
5/8/2008,23,0.041666666666666664
5/8/2008,24,0.041666666666666664
5/9/2008,1,0.041666666666666664
5/9/2008,2,0.041666666666666664
5/9/2008,3,0.041666666666666664
5/9/2008,4,0.041666666666666664
5/9/2008,5,0.041666666666666664
5/9/2008,6,0.041666666666666664
5/9/2008,7,0.14646464646464646
5/9/2008,8,0.18686868686868688
5/9/2008,9,0.005050505050505051
5/9/2008,10,0.005050505050505051
5/9/2008,11,0.041666666666666664
5/9/2008,12,0.041666666666666664
5/9/2008,13,0.041666666666666664
5/9/2008,14,0.005050505050505051
5/9/2008,15,0.041666666666666664
5/9/2008,16,0.005050505050505051
5/9/2008,17,0.025252525252525252
5/9/2008,18,0.15656565656565657
5/9/2008,19,0.06060606060606061
5/9/2008,20,0.07575757575757576
5/9/2008,21,0.26262626262626265
5/9/2008,22,0.06565656565656566
5/9/2008,23,0.041666666666666664
5/9/2008,24,0.041666666666666664
5/10/2008,1,0.041666666666666664
5/10/2008,2,0.041666666666666664
5/10/2008,3,0.041666666666666664
5/10/2008,4,0.041666666666666664
5/10/2008,5,0.041666666666666664
5/10/2008,6,0.041666666666666664
5/10/2008,7,0.041666666666666664
5/10/2008,8,0.10256410256410256
5/10/2008,9,0.16666666666666666
5/10/2008,10,0.01282051282051282
5/10/2008,11,0.01282051282051282
5/10/2008,12,0.041666666666666664
5/10/2008,13,0.041666666666666664
5/10/2008,14,0.01282051282051282
5/10/2008,15,0.01282051282051282
5/10/2008,16,0.01282051282051282
5/10/2008,17,0.02564102564102564
5/10/2008,18,0.19230769230769232
5/10/2008,19,0.02564102564102564
5/10/2008,20,0.0641025641025641
5/10/2008,21,0.2692307692307692
5/10/2008,22,0.08974358974358974
5/10/2008,23,0.041666666666666664
5/10/2008,24,0.041666666666666664
5/11/2008,1,0.041666666666666664
5/11/2008,2,0.041666666666666664
5/11/2008,3,0.041666666666666664
5/11/2008,4,0.041666666666666664
5/11/2008,5,0.041666666666666664
5/11/2008,6,0.041666666666666664
5/11/2008,7,0.041666666666666664
5/11/2008,8,0.10256410256410256
5/11/2008,9,0.16666666666666666
5/11/2008,10,0.01282051282051282
5/11/2008,11,0.01282051282051282
5/11/2008,12,0.041666666666666664
5/11/2008,13,0.041666666666666664
5/11/2008,14,0.01282051282051282
5/11/2008,15,0.01282051282051282
5/11/2008,16,0.01282051282051282
5/11/2008,17,0.02564102564102564
5/11/2008,18,0.19230769230769232
5/11/2008,19,0.02564102564102564
5/11/2008,20,0.0641025641025641
5/11/2008,21,0.2692307692307692
5/11/2008,22,0.08974358974358974
5/11/2008,23,0.041666666666666664
5/11/2008,24,0.041666666666666664
5/12/2008,1,0.041666666666666664
5/12/2008,2,0.041666666666666664
5/12/2008,3,0.041666666666666664
5/12/2008,4,0.041666666666666664
5/12/2008,5,0.041666666666666664
5/12/2008,6,0.041666666666666664
5/12/2008,7,0.14646464646464646
5/12/2008,8,0.18686868686868688
5/12/2008,9,0.005050505050505051
5/12/2008,10,0.005050505050505051
5/12/2008,11,0.041666666666666664
5/12/2008,12,0.041666666666666664
5/12/2008,13,0.041666666666666664
5/12/2008,14,0.005050505050505051
5/12/2008,15,0.041666666666666664
5/12/2008,16,0.005050505050505051
5/12/2008,17,0.025252525252525252
5/12/2008,18,0.15656565656565657
5/12/2008,19,0.06060606060606061
5/12/2008,20,0.07575757575757576
5/12/2008,21,0.26262626262626265
5/12/2008,22,0.06565656565656566
5/12/2008,23,0.041666666666666664
5/12/2008,24,0.041666666666666664
5/13/2008,1,0.041666666666666664
5/13/2008,2,0.041666666666666664
5/13/2008,3,0.041666666666666664
5/13/2008,4,0.041666666666666664
5/13/2008,5,0.041666666666666664
5/13/2008,6,0.041666666666666664
5/13/2008,7,0.14646464646464646
5/13/2008,8,0.18686868686868688
5/13/2008,9,0.005050505050505051
5/13/2008,10,0.005050505050505051
5/13/2008,11,0.041666666666666664
5/13/2008,12,0.041666666666666664
5/13/2008,13,0.041666666666666664
5/13/2008,14,0.005050505050505051
5/13/2008,15,0.041666666666666664
5/13/2008,16,0.005050505050505051
5/13/2008,17,0.025252525252525252
5/13/2008,18,0.15656565656565657
5/13/2008,19,0.06060606060606061
5/13/2008,20,0.07575757575757576
5/13/2008,21,0.26262626262626265
5/13/2008,22,0.06565656565656566
5/13/2008,23,0.041666666666666664
5/13/2008,24,0.041666666666666664
5/14/2008,1,0.041666666666666664
5/14/2008,2,0.041666666666666664
5/14/2008,3,0.041666666666666664
5/14/2008,4,0.041666666666666664
5/14/2008,5,0.041666666666666664
5/14/2008,6,0.041666666666666664
5/14/2008,7,0.14646464646464646
5/14/2008,8,0.18686868686868688
5/14/2008,9,0.005050505050505051
5/14/2008,10,0.005050505050505051
5/14/2008,11,0.041666666666666664
5/14/2008,12,0.041666666666666664
5/14/2008,13,0.041666666666666664
5/14/2008,14,0.005050505050505051
5/14/2008,15,0.041666666666666664
5/14/2008,16,0.005050505050505051
5/14/2008,17,0.025252525252525252
5/14/2008,18,0.15656565656565657
5/14/2008,19,0.06060606060606061
5/14/2008,20,0.07575757575757576
5/14/2008,21,0.26262626262626265
5/14/2008,22,0.06565656565656566
5/14/2008,23,0.041666666666666664
5/14/2008,24,0.041666666666666664
5/15/2008,1,0.041666666666666664
5/15/2008,2,0.041666666666666664
5/15/2008,3,0.041666666666666664
5/15/2008,4,0.041666666666666664
5/15/2008,5,0.041666666666666664
5/15/2008,6,0.041666666666666664
5/15/2008,7,0.14646464646464646
5/15/2008,8,0.18686868686868688
5/15/2008,9,0.005050505050505051
5/15/2008,10,0.005050505050505051
5/15/2008,11,0.041666666666666664
5/15/2008,12,0.041666666666666664
5/15/2008,13,0.041666666666666664
5/15/2008,14,0.005050505050505051
5/15/2008,15,0.041666666666666664
5/15/2008,16,0.005050505050505051
5/15/2008,17,0.025252525252525252
5/15/2008,18,0.15656565656565657
5/15/2008,19,0.06060606060606061
5/15/2008,20,0.07575757575757576
5/15/2008,21,0.26262626262626265
5/15/2008,22,0.06565656565656566
5/15/2008,23,0.041666666666666664
5/15/2008,24,0.041666666666666664
5/16/2008,1,0.041666666666666664
5/16/2008,2,0.041666666666666664
5/16/2008,3,0.041666666666666664
5/16/2008,4,0.041666666666666664
5/16/2008,5,0.041666666666666664
5/16/2008,6,0.041666666666666664
5/16/2008,7,0.14646464646464646
5/16/2008,8,0.18686868686868688
5/16/2008,9,0.005050505050505051
5/16/2008,10,0.005050505050505051
5/16/2008,11,0.041666666666666664
5/16/2008,12,0.041666666666666664
5/16/2008,13,0.041666666666666664
5/16/2008,14,0.005050505050505051
5/16/2008,15,0.041666666666666664
5/16/2008,16,0.005050505050505051
5/16/2008,17,0.025252525252525252
5/16/2008,18,0.15656565656565657
5/16/2008,19,0.06060606060606061
5/16/2008,20,0.07575757575757576
5/16/2008,21,0.26262626262626265
5/16/2008,22,0.06565656565656566
5/16/2008,23,0.041666666666666664
5/16/2008,24,0.041666666666666664
5/17/2008,1,0.041666666666666664
5/17/2008,2,0.041666666666666664
5/17/2008,3,0.041666666666666664
5/17/2008,4,0.041666666666666664
5/17/2008,5,0.041666666666666664
5/17/2008,6,0.041666666666666664
5/17/2008,7,0.041666666666666664
5/17/2008,8,0.10256410256410256
5/17/2008,9,0.16666666666666666
5/17/2008,10,0.01282051282051282
5/17/2008,11,0.01282051282051282
5/17/2008,12,0.041666666666666664
5/17/2008,13,0.041666666666666664
5/17/2008,14,0.01282051282051282
5/17/2008,15,0.01282051282051282
5/17/2008,16,0.01282051282051282
5/17/2008,17,0.02564102564102564
5/17/2008,18,0.19230769230769232
5/17/2008,19,0.02564102564102564
5/17/2008,20,0.0641025641025641
5/17/2008,21,0.2692307692307692
5/17/2008,22,0.08974358974358974
5/17/2008,23,0.041666666666666664
5/17/2008,24,0.041666666666666664
5/18/2008,1,0.041666666666666664
5/18/2008,2,0.041666666666666664
5/18/2008,3,0.041666666666666664
5/18/2008,4,0.041666666666666664
5/18/2008,5,0.041666666666666664
5/18/2008,6,0.041666666666666664
5/18/2008,7,0.041666666666666664
5/18/2008,8,0.10256410256410256
5/18/2008,9,0.16666666666666666
5/18/2008,10,0.01282051282051282
5/18/2008,11,0.01282051282051282
5/18/2008,12,0.041666666666666664
5/18/2008,13,0.041666666666666664
5/18/2008,14,0.01282051282051282
5/18/2008,15,0.01282051282051282
5/18/2008,16,0.01282051282051282
5/18/2008,17,0.02564102564102564
5/18/2008,18,0.19230769230769232
5/18/2008,19,0.02564102564102564
5/18/2008,20,0.0641025641025641
5/18/2008,21,0.2692307692307692
5/18/2008,22,0.08974358974358974
5/18/2008,23,0.041666666666666664
5/18/2008,24,0.041666666666666664
5/19/2008,1,0.041666666666666664
5/19/2008,2,0.041666666666666664
5/19/2008,3,0.041666666666666664
5/19/2008,4,0.041666666666666664
5/19/2008,5,0.041666666666666664
5/19/2008,6,0.041666666666666664
5/19/2008,7,0.14646464646464646
5/19/2008,8,0.18686868686868688
5/19/2008,9,0.005050505050505051
5/19/2008,10,0.005050505050505051
5/19/2008,11,0.041666666666666664
5/19/2008,12,0.041666666666666664
5/19/2008,13,0.041666666666666664
5/19/2008,14,0.005050505050505051
5/19/2008,15,0.041666666666666664
5/19/2008,16,0.005050505050505051
5/19/2008,17,0.025252525252525252
5/19/2008,18,0.15656565656565657
5/19/2008,19,0.06060606060606061
5/19/2008,20,0.07575757575757576
5/19/2008,21,0.26262626262626265
5/19/2008,22,0.06565656565656566
5/19/2008,23,0.041666666666666664
5/19/2008,24,0.041666666666666664
5/20/2008,1,0.041666666666666664
5/20/2008,2,0.041666666666666664
5/20/2008,3,0.041666666666666664
5/20/2008,4,0.041666666666666664
5/20/2008,5,0.041666666666666664
5/20/2008,6,0.041666666666666664
5/20/2008,7,0.14646464646464646
5/20/2008,8,0.18686868686868688
5/20/2008,9,0.005050505050505051
5/20/2008,10,0.005050505050505051
5/20/2008,11,0.041666666666666664
5/20/2008,12,0.041666666666666664
5/20/2008,13,0.041666666666666664
5/20/2008,14,0.005050505050505051
5/20/2008,15,0.041666666666666664
5/20/2008,16,0.005050505050505051
5/20/2008,17,0.025252525252525252
5/20/2008,18,0.15656565656565657
5/20/2008,19,0.06060606060606061
5/20/2008,20,0.07575757575757576
5/20/2008,21,0.26262626262626265
5/20/2008,22,0.06565656565656566
5/20/2008,23,0.041666666666666664
5/20/2008,24,0.041666666666666664
5/21/2008,1,0.041666666666666664
5/21/2008,2,0.041666666666666664
5/21/2008,3,0.041666666666666664
5/21/2008,4,0.041666666666666664
5/21/2008,5,0.041666666666666664
5/21/2008,6,0.041666666666666664
5/21/2008,7,0.14646464646464646
5/21/2008,8,0.18686868686868688
5/21/2008,9,0.005050505050505051
5/21/2008,10,0.005050505050505051
5/21/2008,11,0.041666666666666664
5/21/2008,12,0.041666666666666664
5/21/2008,13,0.041666666666666664
5/21/2008,14,0.005050505050505051
5/21/2008,15,0.041666666666666664
5/21/2008,16,0.005050505050505051
5/21/2008,17,0.025252525252525252
5/21/2008,18,0.15656565656565657
5/21/2008,19,0.06060606060606061
5/21/2008,20,0.07575757575757576
5/21/2008,21,0.26262626262626265
5/21/2008,22,0.06565656565656566
5/21/2008,23,0.041666666666666664
5/21/2008,24,0.041666666666666664
5/22/2008,1,0.041666666666666664
5/22/2008,2,0.041666666666666664
5/22/2008,3,0.041666666666666664
5/22/2008,4,0.041666666666666664
5/22/2008,5,0.041666666666666664
5/22/2008,6,0.041666666666666664
5/22/2008,7,0.14646464646464646
5/22/2008,8,0.18686868686868688
5/22/2008,9,0.005050505050505051
5/22/2008,10,0.005050505050505051
5/22/2008,11,0.041666666666666664
5/22/2008,12,0.041666666666666664
5/22/2008,13,0.041666666666666664
5/22/2008,14,0.005050505050505051
5/22/2008,15,0.041666666666666664
5/22/2008,16,0.005050505050505051
5/22/2008,17,0.025252525252525252
5/22/2008,18,0.15656565656565657
5/22/2008,19,0.06060606060606061
5/22/2008,20,0.07575757575757576
5/22/2008,21,0.26262626262626265
5/22/2008,22,0.06565656565656566
5/22/2008,23,0.041666666666666664
5/22/2008,24,0.041666666666666664
5/23/2008,1,0.041666666666666664
5/23/2008,2,0.041666666666666664
5/23/2008,3,0.041666666666666664
5/23/2008,4,0.041666666666666664
5/23/2008,5,0.041666666666666664
5/23/2008,6,0.041666666666666664
5/23/2008,7,0.14646464646464646
5/23/2008,8,0.18686868686868688
5/23/2008,9,0.005050505050505051
5/23/2008,10,0.005050505050505051
5/23/2008,11,0.041666666666666664
5/23/2008,12,0.041666666666666664
5/23/2008,13,0.041666666666666664
5/23/2008,14,0.005050505050505051
5/23/2008,15,0.041666666666666664
5/23/2008,16,0.005050505050505051
5/23/2008,17,0.025252525252525252
5/23/2008,18,0.15656565656565657
5/23/2008,19,0.06060606060606061
5/23/2008,20,0.07575757575757576
5/23/2008,21,0.26262626262626265
5/23/2008,22,0.06565656565656566
5/23/2008,23,0.041666666666666664
5/23/2008,24,0.041666666666666664
5/24/2008,1,0.041666666666666664
5/24/2008,2,0.041666666666666664
5/24/2008,3,0.041666666666666664
5/24/2008,4,0.041666666666666664
5/24/2008,5,0.041666666666666664
5/24/2008,6,0.041666666666666664
5/24/2008,7,0.041666666666666664
5/24/2008,8,0.10256410256410256
5/24/2008,9,0.16666666666666666
5/24/2008,10,0.01282051282051282
5/24/2008,11,0.01282051282051282
5/24/2008,12,0.041666666666666664
5/24/2008,13,0.041666666666666664
5/24/2008,14,0.01282051282051282
5/24/2008,15,0.01282051282051282
5/24/2008,16,0.01282051282051282
5/24/2008,17,0.02564102564102564
5/24/2008,18,0.19230769230769232
5/24/2008,19,0.02564102564102564
5/24/2008,20,0.0641025641025641
5/24/2008,21,0.2692307692307692
5/24/2008,22,0.08974358974358974
5/24/2008,23,0.041666666666666664
5/24/2008,24,0.041666666666666664
5/25/2008,1,0.041666666666666664
5/25/2008,2,0.041666666666666664
5/25/2008,3,0.041666666666666664
5/25/2008,4,0.041666666666666664
5/25/2008,5,0.041666666666666664
5/25/2008,6,0.041666666666666664
5/25/2008,7,0.041666666666666664
5/25/2008,8,0.10256410256410256
5/25/2008,9,0.16666666666666666
5/25/2008,10,0.01282051282051282
5/25/2008,11,0.01282051282051282
5/25/2008,12,0.041666666666666664
5/25/2008,13,0.041666666666666664
5/25/2008,14,0.01282051282051282
5/25/2008,15,0.01282051282051282
5/25/2008,16,0.01282051282051282
5/25/2008,17,0.02564102564102564
5/25/2008,18,0.19230769230769232
5/25/2008,19,0.02564102564102564
5/25/2008,20,0.0641025641025641
5/25/2008,21,0.2692307692307692
5/25/2008,22,0.08974358974358974
5/25/2008,23,0.041666666666666664
5/25/2008,24,0.041666666666666664
5/26/2008,1,0.041666666666666664
5/26/2008,2,0.041666666666666664
5/26/2008,3,0.041666666666666664
5/26/2008,4,0.041666666666666664
5/26/2008,5,0.041666666666666664
5/26/2008,6,0.041666666666666664
5/26/2008,7,0.14646464646464646
5/26/2008,8,0.18686868686868688
5/26/2008,9,0.005050505050505051
5/26/2008,10,0.005050505050505051
5/26/2008,11,0.041666666666666664
5/26/2008,12,0.041666666666666664
5/26/2008,13,0.041666666666666664
5/26/2008,14,0.005050505050505051
5/26/2008,15,0.041666666666666664
5/26/2008,16,0.005050505050505051
5/26/2008,17,0.025252525252525252
5/26/2008,18,0.15656565656565657
5/26/2008,19,0.06060606060606061
5/26/2008,20,0.07575757575757576
5/26/2008,21,0.26262626262626265
5/26/2008,22,0.06565656565656566
5/26/2008,23,0.041666666666666664
5/26/2008,24,0.041666666666666664
5/27/2008,1,0.041666666666666664
5/27/2008,2,0.041666666666666664
5/27/2008,3,0.041666666666666664
5/27/2008,4,0.041666666666666664
5/27/2008,5,0.041666666666666664
5/27/2008,6,0.041666666666666664
5/27/2008,7,0.14646464646464646
5/27/2008,8,0.18686868686868688
5/27/2008,9,0.005050505050505051
5/27/2008,10,0.005050505050505051
5/27/2008,11,0.041666666666666664
5/27/2008,12,0.041666666666666664
5/27/2008,13,0.041666666666666664
5/27/2008,14,0.005050505050505051
5/27/2008,15,0.041666666666666664
5/27/2008,16,0.005050505050505051
5/27/2008,17,0.025252525252525252
5/27/2008,18,0.15656565656565657
5/27/2008,19,0.06060606060606061
5/27/2008,20,0.07575757575757576
5/27/2008,21,0.26262626262626265
5/27/2008,22,0.06565656565656566
5/27/2008,23,0.041666666666666664
5/27/2008,24,0.041666666666666664
5/28/2008,1,0.041666666666666664
5/28/2008,2,0.041666666666666664
5/28/2008,3,0.041666666666666664
5/28/2008,4,0.041666666666666664
5/28/2008,5,0.041666666666666664
5/28/2008,6,0.041666666666666664
5/28/2008,7,0.14646464646464646
5/28/2008,8,0.18686868686868688
5/28/2008,9,0.005050505050505051
5/28/2008,10,0.005050505050505051
5/28/2008,11,0.041666666666666664
5/28/2008,12,0.041666666666666664
5/28/2008,13,0.041666666666666664
5/28/2008,14,0.005050505050505051
5/28/2008,15,0.041666666666666664
5/28/2008,16,0.005050505050505051
5/28/2008,17,0.025252525252525252
5/28/2008,18,0.15656565656565657
5/28/2008,19,0.06060606060606061
5/28/2008,20,0.07575757575757576
5/28/2008,21,0.26262626262626265
5/28/2008,22,0.06565656565656566
5/28/2008,23,0.041666666666666664
5/28/2008,24,0.041666666666666664
5/29/2008,1,0.041666666666666664
5/29/2008,2,0.041666666666666664
5/29/2008,3,0.041666666666666664
5/29/2008,4,0.041666666666666664
5/29/2008,5,0.041666666666666664
5/29/2008,6,0.041666666666666664
5/29/2008,7,0.14646464646464646
5/29/2008,8,0.18686868686868688
5/29/2008,9,0.005050505050505051
5/29/2008,10,0.005050505050505051
5/29/2008,11,0.041666666666666664
5/29/2008,12,0.041666666666666664
5/29/2008,13,0.041666666666666664
5/29/2008,14,0.005050505050505051
5/29/2008,15,0.041666666666666664
5/29/2008,16,0.005050505050505051
5/29/2008,17,0.025252525252525252
5/29/2008,18,0.15656565656565657
5/29/2008,19,0.06060606060606061
5/29/2008,20,0.07575757575757576
5/29/2008,21,0.26262626262626265
5/29/2008,22,0.06565656565656566
5/29/2008,23,0.041666666666666664
5/29/2008,24,0.041666666666666664
5/30/2008,1,0.041666666666666664
5/30/2008,2,0.041666666666666664
5/30/2008,3,0.041666666666666664
5/30/2008,4,0.041666666666666664
5/30/2008,5,0.041666666666666664
5/30/2008,6,0.041666666666666664
5/30/2008,7,0.14646464646464646
5/30/2008,8,0.18686868686868688
5/30/2008,9,0.005050505050505051
5/30/2008,10,0.005050505050505051
5/30/2008,11,0.041666666666666664
5/30/2008,12,0.041666666666666664
5/30/2008,13,0.041666666666666664
5/30/2008,14,0.005050505050505051
5/30/2008,15,0.041666666666666664
5/30/2008,16,0.005050505050505051
5/30/2008,17,0.025252525252525252
5/30/2008,18,0.15656565656565657
5/30/2008,19,0.06060606060606061
5/30/2008,20,0.07575757575757576
5/30/2008,21,0.26262626262626265
5/30/2008,22,0.06565656565656566
5/30/2008,23,0.041666666666666664
5/30/2008,24,0.041666666666666664
5/31/2008,1,0.041666666666666664
5/31/2008,2,0.041666666666666664
5/31/2008,3,0.041666666666666664
5/31/2008,4,0.041666666666666664
5/31/2008,5,0.041666666666666664
5/31/2008,6,0.041666666666666664
5/31/2008,7,0.041666666666666664
5/31/2008,8,0.10256410256410256
5/31/2008,9,0.16666666666666666
5/31/2008,10,0.01282051282051282
5/31/2008,11,0.01282051282051282
5/31/2008,12,0.041666666666666664
5/31/2008,13,0.041666666666666664
5/31/2008,14,0.01282051282051282
5/31/2008,15,0.01282051282051282
5/31/2008,16,0.01282051282051282
5/31/2008,17,0.02564102564102564
5/31/2008,18,0.19230769230769232
5/31/2008,19,0.02564102564102564
5/31/2008,20,0.0641025641025641
5/31/2008,21,0.2692307692307692
5/31/2008,22,0.08974358974358974
5/31/2008,23,0.041666666666666664
5/31/2008,24,0.041666666666666664
6/1/2008,1,0.041666666666666664
6/1/2008,2,0.041666666666666664
6/1/2008,3,0.041666666666666664
6/1/2008,4,0.041666666666666664
6/1/2008,5,0.041666666666666664
6/1/2008,6,0.041666666666666664
6/1/2008,7,0.041666666666666664
6/1/2008,8,0.041666666666666664
6/1/2008,9,0.041666666666666664
6/1/2008,10,0.041666666666666664
6/1/2008,11,0.041666666666666664
6/1/2008,12,0.041666666666666664
6/1/2008,13,0.01282051282051282
6/1/2008,14,0.01282051282051282
6/1/2008,15,0.01282051282051282
6/1/2008,16,0.10256410256410256
6/1/2008,17,0.2564102564102564
6/1/2008,18,0.5641025641025641
6/1/2008,19,0.01282051282051282
6/1/2008,20,0.041666666666666664
6/1/2008,21,0.041666666666666664
6/1/2008,22,0.02564102564102564
6/1/2008,23,0.041666666666666664
6/1/2008,24,0.041666666666666664
6/2/2008,1,0.041666666666666664
6/2/2008,2,0.041666666666666664
6/2/2008,3,0.041666666666666664
6/2/2008,4,0.041666666666666664
6/2/2008,5,0.041666666666666664
6/2/2008,6,0.041666666666666664
6/2/2008,7,0.041666666666666664
6/2/2008,8,0.041666666666666664
6/2/2008,9,0.041666666666666664
6/2/2008,10,0.041666666666666664
6/2/2008,11,0.041666666666666664
6/2/2008,12,0.005050505050505051
6/2/2008,13,0.041666666666666664
6/2/2008,14,0.015151515151515152
6/2/2008,15,0.07575757575757576
6/2/2008,16,0.08080808080808081
6/2/2008,17,0.1717171717171717
6/2/2008,18,0.5656565656565656
6/2/2008,19,0.050505050505050504
6/2/2008,20,0.041666666666666664
6/2/2008,21,0.025252525252525252
6/2/2008,22,0.010101010101010102
6/2/2008,23,0.041666666666666664
6/2/2008,24,0.041666666666666664
6/3/2008,1,0.041666666666666664
6/3/2008,2,0.041666666666666664
6/3/2008,3,0.041666666666666664
6/3/2008,4,0.041666666666666664
6/3/2008,5,0.041666666666666664
6/3/2008,6,0.041666666666666664
6/3/2008,7,0.041666666666666664
6/3/2008,8,0.041666666666666664
6/3/2008,9,0.041666666666666664
6/3/2008,10,0.041666666666666664
6/3/2008,11,0.041666666666666664
6/3/2008,12,0.005050505050505051
6/3/2008,13,0.041666666666666664
6/3/2008,14,0.015151515151515152
6/3/2008,15,0.07575757575757576
6/3/2008,16,0.08080808080808081
6/3/2008,17,0.1717171717171717
6/3/2008,18,0.5656565656565656
6/3/2008,19,0.050505050505050504
6/3/2008,20,0.041666666666666664
6/3/2008,21,0.025252525252525252
6/3/2008,22,0.010101010101010102
6/3/2008,23,0.041666666666666664
6/3/2008,24,0.041666666666666664
6/4/2008,1,0.041666666666666664
6/4/2008,2,0.041666666666666664
6/4/2008,3,0.041666666666666664
6/4/2008,4,0.041666666666666664
6/4/2008,5,0.041666666666666664
6/4/2008,6,0.041666666666666664
6/4/2008,7,0.041666666666666664
6/4/2008,8,0.041666666666666664
6/4/2008,9,0.041666666666666664
6/4/2008,10,0.041666666666666664
6/4/2008,11,0.041666666666666664
6/4/2008,12,0.005050505050505051
6/4/2008,13,0.041666666666666664
6/4/2008,14,0.015151515151515152
6/4/2008,15,0.07575757575757576
6/4/2008,16,0.08080808080808081
6/4/2008,17,0.1717171717171717
6/4/2008,18,0.5656565656565656
6/4/2008,19,0.050505050505050504
6/4/2008,20,0.041666666666666664
6/4/2008,21,0.025252525252525252
6/4/2008,22,0.010101010101010102
6/4/2008,23,0.041666666666666664
6/4/2008,24,0.041666666666666664
6/5/2008,1,0.041666666666666664
6/5/2008,2,0.041666666666666664
6/5/2008,3,0.041666666666666664
6/5/2008,4,0.041666666666666664
6/5/2008,5,0.041666666666666664
6/5/2008,6,0.041666666666666664
6/5/2008,7,0.041666666666666664
6/5/2008,8,0.041666666666666664
6/5/2008,9,0.041666666666666664
6/5/2008,10,0.041666666666666664
6/5/2008,11,0.041666666666666664
6/5/2008,12,0.005050505050505051
6/5/2008,13,0.041666666666666664
6/5/2008,14,0.015151515151515152
6/5/2008,15,0.07575757575757576
6/5/2008,16,0.08080808080808081
6/5/2008,17,0.1717171717171717
6/5/2008,18,0.5656565656565656
6/5/2008,19,0.050505050505050504
6/5/2008,20,0.041666666666666664
6/5/2008,21,0.025252525252525252
6/5/2008,22,0.010101010101010102
6/5/2008,23,0.041666666666666664
6/5/2008,24,0.041666666666666664
6/6/2008,1,0.041666666666666664
6/6/2008,2,0.041666666666666664
6/6/2008,3,0.041666666666666664
6/6/2008,4,0.041666666666666664
6/6/2008,5,0.041666666666666664
6/6/2008,6,0.041666666666666664
6/6/2008,7,0.041666666666666664
6/6/2008,8,0.041666666666666664
6/6/2008,9,0.041666666666666664
6/6/2008,10,0.041666666666666664
6/6/2008,11,0.041666666666666664
6/6/2008,12,0.005050505050505051
6/6/2008,13,0.041666666666666664
6/6/2008,14,0.015151515151515152
6/6/2008,15,0.07575757575757576
6/6/2008,16,0.08080808080808081
6/6/2008,17,0.1717171717171717
6/6/2008,18,0.5656565656565656
6/6/2008,19,0.050505050505050504
6/6/2008,20,0.041666666666666664
6/6/2008,21,0.025252525252525252
6/6/2008,22,0.010101010101010102
6/6/2008,23,0.041666666666666664
6/6/2008,24,0.041666666666666664
6/7/2008,1,0.041666666666666664
6/7/2008,2,0.041666666666666664
6/7/2008,3,0.041666666666666664
6/7/2008,4,0.041666666666666664
6/7/2008,5,0.041666666666666664
6/7/2008,6,0.041666666666666664
6/7/2008,7,0.041666666666666664
6/7/2008,8,0.041666666666666664
6/7/2008,9,0.041666666666666664
6/7/2008,10,0.041666666666666664
6/7/2008,11,0.041666666666666664
6/7/2008,12,0.041666666666666664
6/7/2008,13,0.01282051282051282
6/7/2008,14,0.01282051282051282
6/7/2008,15,0.01282051282051282
6/7/2008,16,0.10256410256410256
6/7/2008,17,0.2564102564102564
6/7/2008,18,0.5641025641025641
6/7/2008,19,0.01282051282051282
6/7/2008,20,0.041666666666666664
6/7/2008,21,0.041666666666666664
6/7/2008,22,0.02564102564102564
6/7/2008,23,0.041666666666666664
6/7/2008,24,0.041666666666666664
6/8/2008,1,0.041666666666666664
6/8/2008,2,0.041666666666666664
6/8/2008,3,0.041666666666666664
6/8/2008,4,0.041666666666666664
6/8/2008,5,0.041666666666666664
6/8/2008,6,0.041666666666666664
6/8/2008,7,0.041666666666666664
6/8/2008,8,0.041666666666666664
6/8/2008,9,0.041666666666666664
6/8/2008,10,0.041666666666666664
6/8/2008,11,0.041666666666666664
6/8/2008,12,0.041666666666666664
6/8/2008,13,0.01282051282051282
6/8/2008,14,0.01282051282051282
6/8/2008,15,0.01282051282051282
6/8/2008,16,0.10256410256410256
6/8/2008,17,0.2564102564102564
6/8/2008,18,0.5641025641025641
6/8/2008,19,0.01282051282051282
6/8/2008,20,0.041666666666666664
6/8/2008,21,0.041666666666666664
6/8/2008,22,0.02564102564102564
6/8/2008,23,0.041666666666666664
6/8/2008,24,0.041666666666666664
6/9/2008,1,0.041666666666666664
6/9/2008,2,0.041666666666666664
6/9/2008,3,0.041666666666666664
6/9/2008,4,0.041666666666666664
6/9/2008,5,0.041666666666666664
6/9/2008,6,0.041666666666666664
6/9/2008,7,0.041666666666666664
6/9/2008,8,0.041666666666666664
6/9/2008,9,0.041666666666666664
6/9/2008,10,0.041666666666666664
6/9/2008,11,0.041666666666666664
6/9/2008,12,0.005050505050505051
6/9/2008,13,0.041666666666666664
6/9/2008,14,0.015151515151515152
6/9/2008,15,0.07575757575757576
6/9/2008,16,0.08080808080808081
6/9/2008,17,0.1717171717171717
6/9/2008,18,0.5656565656565656
6/9/2008,19,0.050505050505050504
6/9/2008,20,0.041666666666666664
6/9/2008,21,0.025252525252525252
6/9/2008,22,0.010101010101010102
6/9/2008,23,0.041666666666666664
6/9/2008,24,0.041666666666666664
6/10/2008,1,0.041666666666666664
6/10/2008,2,0.041666666666666664
6/10/2008,3,0.041666666666666664
6/10/2008,4,0.041666666666666664
6/10/2008,5,0.041666666666666664
6/10/2008,6,0.041666666666666664
6/10/2008,7,0.041666666666666664
6/10/2008,8,0.041666666666666664
6/10/2008,9,0.041666666666666664
6/10/2008,10,0.041666666666666664
6/10/2008,11,0.041666666666666664
6/10/2008,12,0.005050505050505051
6/10/2008,13,0.041666666666666664
6/10/2008,14,0.015151515151515152
6/10/2008,15,0.07575757575757576
6/10/2008,16,0.08080808080808081
6/10/2008,17,0.1717171717171717
6/10/2008,18,0.5656565656565656
6/10/2008,19,0.050505050505050504
6/10/2008,20,0.041666666666666664
6/10/2008,21,0.025252525252525252
6/10/2008,22,0.010101010101010102
6/10/2008,23,0.041666666666666664
6/10/2008,24,0.041666666666666664
6/11/2008,1,0.041666666666666664
6/11/2008,2,0.041666666666666664
6/11/2008,3,0.041666666666666664
6/11/2008,4,0.041666666666666664
6/11/2008,5,0.041666666666666664
6/11/2008,6,0.041666666666666664
6/11/2008,7,0.041666666666666664
6/11/2008,8,0.041666666666666664
6/11/2008,9,0.041666666666666664
6/11/2008,10,0.041666666666666664
6/11/2008,11,0.041666666666666664
6/11/2008,12,0.005050505050505051
6/11/2008,13,0.041666666666666664
6/11/2008,14,0.015151515151515152
6/11/2008,15,0.07575757575757576
6/11/2008,16,0.08080808080808081
6/11/2008,17,0.1717171717171717
6/11/2008,18,0.5656565656565656
6/11/2008,19,0.050505050505050504
6/11/2008,20,0.041666666666666664
6/11/2008,21,0.025252525252525252
6/11/2008,22,0.010101010101010102
6/11/2008,23,0.041666666666666664
6/11/2008,24,0.041666666666666664
6/12/2008,1,0.041666666666666664
6/12/2008,2,0.041666666666666664
6/12/2008,3,0.041666666666666664
6/12/2008,4,0.041666666666666664
6/12/2008,5,0.041666666666666664
6/12/2008,6,0.041666666666666664
6/12/2008,7,0.041666666666666664
6/12/2008,8,0.041666666666666664
6/12/2008,9,0.041666666666666664
6/12/2008,10,0.041666666666666664
6/12/2008,11,0.041666666666666664
6/12/2008,12,0.005050505050505051
6/12/2008,13,0.041666666666666664
6/12/2008,14,0.015151515151515152
6/12/2008,15,0.07575757575757576
6/12/2008,16,0.08080808080808081
6/12/2008,17,0.1717171717171717
6/12/2008,18,0.5656565656565656
6/12/2008,19,0.050505050505050504
6/12/2008,20,0.041666666666666664
6/12/2008,21,0.025252525252525252
6/12/2008,22,0.010101010101010102
6/12/2008,23,0.041666666666666664
6/12/2008,24,0.041666666666666664
6/13/2008,1,0.041666666666666664
6/13/2008,2,0.041666666666666664
6/13/2008,3,0.041666666666666664
6/13/2008,4,0.041666666666666664
6/13/2008,5,0.041666666666666664
6/13/2008,6,0.041666666666666664
6/13/2008,7,0.041666666666666664
6/13/2008,8,0.041666666666666664
6/13/2008,9,0.041666666666666664
6/13/2008,10,0.041666666666666664
6/13/2008,11,0.041666666666666664
6/13/2008,12,0.005050505050505051
6/13/2008,13,0.041666666666666664
6/13/2008,14,0.015151515151515152
6/13/2008,15,0.07575757575757576
6/13/2008,16,0.08080808080808081
6/13/2008,17,0.1717171717171717
6/13/2008,18,0.5656565656565656
6/13/2008,19,0.050505050505050504
6/13/2008,20,0.041666666666666664
6/13/2008,21,0.025252525252525252
6/13/2008,22,0.010101010101010102
6/13/2008,23,0.041666666666666664
6/13/2008,24,0.041666666666666664
6/14/2008,1,0.041666666666666664
6/14/2008,2,0.041666666666666664
6/14/2008,3,0.041666666666666664
6/14/2008,4,0.041666666666666664
6/14/2008,5,0.041666666666666664
6/14/2008,6,0.041666666666666664
6/14/2008,7,0.041666666666666664
6/14/2008,8,0.041666666666666664
6/14/2008,9,0.041666666666666664
6/14/2008,10,0.041666666666666664
6/14/2008,11,0.041666666666666664
6/14/2008,12,0.041666666666666664
6/14/2008,13,0.01282051282051282
6/14/2008,14,0.01282051282051282
6/14/2008,15,0.01282051282051282
6/14/2008,16,0.10256410256410256
6/14/2008,17,0.2564102564102564
6/14/2008,18,0.5641025641025641
6/14/2008,19,0.01282051282051282
6/14/2008,20,0.041666666666666664
6/14/2008,21,0.041666666666666664
6/14/2008,22,0.02564102564102564
6/14/2008,23,0.041666666666666664
6/14/2008,24,0.041666666666666664
6/15/2008,1,0.041666666666666664
6/15/2008,2,0.041666666666666664
6/15/2008,3,0.041666666666666664
6/15/2008,4,0.041666666666666664
6/15/2008,5,0.041666666666666664
6/15/2008,6,0.041666666666666664
6/15/2008,7,0.041666666666666664
6/15/2008,8,0.041666666666666664
6/15/2008,9,0.041666666666666664
6/15/2008,10,0.041666666666666664
6/15/2008,11,0.041666666666666664
6/15/2008,12,0.041666666666666664
6/15/2008,13,0.01282051282051282
6/15/2008,14,0.01282051282051282
6/15/2008,15,0.01282051282051282
6/15/2008,16,0.10256410256410256
6/15/2008,17,0.2564102564102564
6/15/2008,18,0.5641025641025641
6/15/2008,19,0.01282051282051282
6/15/2008,20,0.041666666666666664
6/15/2008,21,0.041666666666666664
6/15/2008,22,0.02564102564102564
6/15/2008,23,0.041666666666666664
6/15/2008,24,0.041666666666666664
6/16/2008,1,0.041666666666666664
6/16/2008,2,0.041666666666666664
6/16/2008,3,0.041666666666666664
6/16/2008,4,0.041666666666666664
6/16/2008,5,0.041666666666666664
6/16/2008,6,0.041666666666666664
6/16/2008,7,0.041666666666666664
6/16/2008,8,0.041666666666666664
6/16/2008,9,0.041666666666666664
6/16/2008,10,0.041666666666666664
6/16/2008,11,0.041666666666666664
6/16/2008,12,0.005050505050505051
6/16/2008,13,0.041666666666666664
6/16/2008,14,0.015151515151515152
6/16/2008,15,0.07575757575757576
6/16/2008,16,0.08080808080808081
6/16/2008,17,0.1717171717171717
6/16/2008,18,0.5656565656565656
6/16/2008,19,0.050505050505050504
6/16/2008,20,0.041666666666666664
6/16/2008,21,0.025252525252525252
6/16/2008,22,0.010101010101010102
6/16/2008,23,0.041666666666666664
6/16/2008,24,0.041666666666666664
6/17/2008,1,0.041666666666666664
6/17/2008,2,0.041666666666666664
6/17/2008,3,0.041666666666666664
6/17/2008,4,0.041666666666666664
6/17/2008,5,0.041666666666666664
6/17/2008,6,0.041666666666666664
6/17/2008,7,0.041666666666666664
6/17/2008,8,0.041666666666666664
6/17/2008,9,0.041666666666666664
6/17/2008,10,0.041666666666666664
6/17/2008,11,0.041666666666666664
6/17/2008,12,0.005050505050505051
6/17/2008,13,0.041666666666666664
6/17/2008,14,0.015151515151515152
6/17/2008,15,0.07575757575757576
6/17/2008,16,0.08080808080808081
6/17/2008,17,0.1717171717171717
6/17/2008,18,0.5656565656565656
6/17/2008,19,0.050505050505050504
6/17/2008,20,0.041666666666666664
6/17/2008,21,0.025252525252525252
6/17/2008,22,0.010101010101010102
6/17/2008,23,0.041666666666666664
6/17/2008,24,0.041666666666666664
6/18/2008,1,0.041666666666666664
6/18/2008,2,0.041666666666666664
6/18/2008,3,0.041666666666666664
6/18/2008,4,0.041666666666666664
6/18/2008,5,0.041666666666666664
6/18/2008,6,0.041666666666666664
6/18/2008,7,0.041666666666666664
6/18/2008,8,0.041666666666666664
6/18/2008,9,0.041666666666666664
6/18/2008,10,0.041666666666666664
6/18/2008,11,0.041666666666666664
6/18/2008,12,0.005050505050505051
6/18/2008,13,0.041666666666666664
6/18/2008,14,0.015151515151515152
6/18/2008,15,0.07575757575757576
6/18/2008,16,0.08080808080808081
6/18/2008,17,0.1717171717171717
6/18/2008,18,0.5656565656565656
6/18/2008,19,0.050505050505050504
6/18/2008,20,0.041666666666666664
6/18/2008,21,0.025252525252525252
6/18/2008,22,0.010101010101010102
6/18/2008,23,0.041666666666666664
6/18/2008,24,0.041666666666666664
6/19/2008,1,0.041666666666666664
6/19/2008,2,0.041666666666666664
6/19/2008,3,0.041666666666666664
6/19/2008,4,0.041666666666666664
6/19/2008,5,0.041666666666666664
6/19/2008,6,0.041666666666666664
6/19/2008,7,0.041666666666666664
6/19/2008,8,0.041666666666666664
6/19/2008,9,0.041666666666666664
6/19/2008,10,0.041666666666666664
6/19/2008,11,0.041666666666666664
6/19/2008,12,0.005050505050505051
6/19/2008,13,0.041666666666666664
6/19/2008,14,0.015151515151515152
6/19/2008,15,0.07575757575757576
6/19/2008,16,0.08080808080808081
6/19/2008,17,0.1717171717171717
6/19/2008,18,0.5656565656565656
6/19/2008,19,0.050505050505050504
6/19/2008,20,0.041666666666666664
6/19/2008,21,0.025252525252525252
6/19/2008,22,0.010101010101010102
6/19/2008,23,0.041666666666666664
6/19/2008,24,0.041666666666666664
6/20/2008,1,0.041666666666666664
6/20/2008,2,0.041666666666666664
6/20/2008,3,0.041666666666666664
6/20/2008,4,0.041666666666666664
6/20/2008,5,0.041666666666666664
6/20/2008,6,0.041666666666666664
6/20/2008,7,0.041666666666666664
6/20/2008,8,0.041666666666666664
6/20/2008,9,0.041666666666666664
6/20/2008,10,0.041666666666666664
6/20/2008,11,0.041666666666666664
6/20/2008,12,0.005050505050505051
6/20/2008,13,0.041666666666666664
6/20/2008,14,0.015151515151515152
6/20/2008,15,0.07575757575757576
6/20/2008,16,0.08080808080808081
6/20/2008,17,0.1717171717171717
6/20/2008,18,0.5656565656565656
6/20/2008,19,0.050505050505050504
6/20/2008,20,0.041666666666666664
6/20/2008,21,0.025252525252525252
6/20/2008,22,0.010101010101010102
6/20/2008,23,0.041666666666666664
6/20/2008,24,0.041666666666666664
6/21/2008,1,0.041666666666666664
6/21/2008,2,0.041666666666666664
6/21/2008,3,0.041666666666666664
6/21/2008,4,0.041666666666666664
6/21/2008,5,0.041666666666666664
6/21/2008,6,0.041666666666666664
6/21/2008,7,0.041666666666666664
6/21/2008,8,0.041666666666666664
6/21/2008,9,0.041666666666666664
6/21/2008,10,0.041666666666666664
6/21/2008,11,0.041666666666666664
6/21/2008,12,0.041666666666666664
6/21/2008,13,0.01282051282051282
6/21/2008,14,0.01282051282051282
6/21/2008,15,0.01282051282051282
6/21/2008,16,0.10256410256410256
6/21/2008,17,0.2564102564102564
6/21/2008,18,0.5641025641025641
6/21/2008,19,0.01282051282051282
6/21/2008,20,0.041666666666666664
6/21/2008,21,0.041666666666666664
6/21/2008,22,0.02564102564102564
6/21/2008,23,0.041666666666666664
6/21/2008,24,0.041666666666666664
6/22/2008,1,0.041666666666666664
6/22/2008,2,0.041666666666666664
6/22/2008,3,0.041666666666666664
6/22/2008,4,0.041666666666666664
6/22/2008,5,0.041666666666666664
6/22/2008,6,0.041666666666666664
6/22/2008,7,0.041666666666666664
6/22/2008,8,0.041666666666666664
6/22/2008,9,0.041666666666666664
6/22/2008,10,0.041666666666666664
6/22/2008,11,0.041666666666666664
6/22/2008,12,0.041666666666666664
6/22/2008,13,0.01282051282051282
6/22/2008,14,0.01282051282051282
6/22/2008,15,0.01282051282051282
6/22/2008,16,0.10256410256410256
6/22/2008,17,0.2564102564102564
6/22/2008,18,0.5641025641025641
6/22/2008,19,0.01282051282051282
6/22/2008,20,0.041666666666666664
6/22/2008,21,0.041666666666666664
6/22/2008,22,0.02564102564102564
6/22/2008,23,0.041666666666666664
6/22/2008,24,0.041666666666666664
6/23/2008,1,0.041666666666666664
6/23/2008,2,0.041666666666666664
6/23/2008,3,0.041666666666666664
6/23/2008,4,0.041666666666666664
6/23/2008,5,0.041666666666666664
6/23/2008,6,0.041666666666666664
6/23/2008,7,0.041666666666666664
6/23/2008,8,0.041666666666666664
6/23/2008,9,0.041666666666666664
6/23/2008,10,0.041666666666666664
6/23/2008,11,0.041666666666666664
6/23/2008,12,0.005050505050505051
6/23/2008,13,0.041666666666666664
6/23/2008,14,0.015151515151515152
6/23/2008,15,0.07575757575757576
6/23/2008,16,0.08080808080808081
6/23/2008,17,0.1717171717171717
6/23/2008,18,0.5656565656565656
6/23/2008,19,0.050505050505050504
6/23/2008,20,0.041666666666666664
6/23/2008,21,0.025252525252525252
6/23/2008,22,0.010101010101010102
6/23/2008,23,0.041666666666666664
6/23/2008,24,0.041666666666666664
6/24/2008,1,0.041666666666666664
6/24/2008,2,0.041666666666666664
6/24/2008,3,0.041666666666666664
6/24/2008,4,0.041666666666666664
6/24/2008,5,0.041666666666666664
6/24/2008,6,0.041666666666666664
6/24/2008,7,0.041666666666666664
6/24/2008,8,0.041666666666666664
6/24/2008,9,0.041666666666666664
6/24/2008,10,0.041666666666666664
6/24/2008,11,0.041666666666666664
6/24/2008,12,0.005050505050505051
6/24/2008,13,0.041666666666666664
6/24/2008,14,0.015151515151515152
6/24/2008,15,0.07575757575757576
6/24/2008,16,0.08080808080808081
6/24/2008,17,0.1717171717171717
6/24/2008,18,0.5656565656565656
6/24/2008,19,0.050505050505050504
6/24/2008,20,0.041666666666666664
6/24/2008,21,0.025252525252525252
6/24/2008,22,0.010101010101010102
6/24/2008,23,0.041666666666666664
6/24/2008,24,0.041666666666666664
6/25/2008,1,0.041666666666666664
6/25/2008,2,0.041666666666666664
6/25/2008,3,0.041666666666666664
6/25/2008,4,0.041666666666666664
6/25/2008,5,0.041666666666666664
6/25/2008,6,0.041666666666666664
6/25/2008,7,0.041666666666666664
6/25/2008,8,0.041666666666666664
6/25/2008,9,0.041666666666666664
6/25/2008,10,0.041666666666666664
6/25/2008,11,0.041666666666666664
6/25/2008,12,0.005050505050505051
6/25/2008,13,0.041666666666666664
6/25/2008,14,0.015151515151515152
6/25/2008,15,0.07575757575757576
6/25/2008,16,0.08080808080808081
6/25/2008,17,0.1717171717171717
6/25/2008,18,0.5656565656565656
6/25/2008,19,0.050505050505050504
6/25/2008,20,0.041666666666666664
6/25/2008,21,0.025252525252525252
6/25/2008,22,0.010101010101010102
6/25/2008,23,0.041666666666666664
6/25/2008,24,0.041666666666666664
6/26/2008,1,0.041666666666666664
6/26/2008,2,0.041666666666666664
6/26/2008,3,0.041666666666666664
6/26/2008,4,0.041666666666666664
6/26/2008,5,0.041666666666666664
6/26/2008,6,0.041666666666666664
6/26/2008,7,0.041666666666666664
6/26/2008,8,0.041666666666666664
6/26/2008,9,0.041666666666666664
6/26/2008,10,0.041666666666666664
6/26/2008,11,0.041666666666666664
6/26/2008,12,0.005050505050505051
6/26/2008,13,0.041666666666666664
6/26/2008,14,0.015151515151515152
6/26/2008,15,0.07575757575757576
6/26/2008,16,0.08080808080808081
6/26/2008,17,0.1717171717171717
6/26/2008,18,0.5656565656565656
6/26/2008,19,0.050505050505050504
6/26/2008,20,0.041666666666666664
6/26/2008,21,0.025252525252525252
6/26/2008,22,0.010101010101010102
6/26/2008,23,0.041666666666666664
6/26/2008,24,0.041666666666666664
6/27/2008,1,0.041666666666666664
6/27/2008,2,0.041666666666666664
6/27/2008,3,0.041666666666666664
6/27/2008,4,0.041666666666666664
6/27/2008,5,0.041666666666666664
6/27/2008,6,0.041666666666666664
6/27/2008,7,0.041666666666666664
6/27/2008,8,0.041666666666666664
6/27/2008,9,0.041666666666666664
6/27/2008,10,0.041666666666666664
6/27/2008,11,0.041666666666666664
6/27/2008,12,0.005050505050505051
6/27/2008,13,0.041666666666666664
6/27/2008,14,0.015151515151515152
6/27/2008,15,0.07575757575757576
6/27/2008,16,0.08080808080808081
6/27/2008,17,0.1717171717171717
6/27/2008,18,0.5656565656565656
6/27/2008,19,0.050505050505050504
6/27/2008,20,0.041666666666666664
6/27/2008,21,0.025252525252525252
6/27/2008,22,0.010101010101010102
6/27/2008,23,0.041666666666666664
6/27/2008,24,0.041666666666666664
6/28/2008,1,0.041666666666666664
6/28/2008,2,0.041666666666666664
6/28/2008,3,0.041666666666666664
6/28/2008,4,0.041666666666666664
6/28/2008,5,0.041666666666666664
6/28/2008,6,0.041666666666666664
6/28/2008,7,0.041666666666666664
6/28/2008,8,0.041666666666666664
6/28/2008,9,0.041666666666666664
6/28/2008,10,0.041666666666666664
6/28/2008,11,0.041666666666666664
6/28/2008,12,0.041666666666666664
6/28/2008,13,0.01282051282051282
6/28/2008,14,0.01282051282051282
6/28/2008,15,0.01282051282051282
6/28/2008,16,0.10256410256410256
6/28/2008,17,0.2564102564102564
6/28/2008,18,0.5641025641025641
6/28/2008,19,0.01282051282051282
6/28/2008,20,0.041666666666666664
6/28/2008,21,0.041666666666666664
6/28/2008,22,0.02564102564102564
6/28/2008,23,0.041666666666666664
6/28/2008,24,0.041666666666666664
6/29/2008,1,0.041666666666666664
6/29/2008,2,0.041666666666666664
6/29/2008,3,0.041666666666666664
6/29/2008,4,0.041666666666666664
6/29/2008,5,0.041666666666666664
6/29/2008,6,0.041666666666666664
6/29/2008,7,0.041666666666666664
6/29/2008,8,0.041666666666666664
6/29/2008,9,0.041666666666666664
6/29/2008,10,0.041666666666666664
6/29/2008,11,0.041666666666666664
6/29/2008,12,0.041666666666666664
6/29/2008,13,0.01282051282051282
6/29/2008,14,0.01282051282051282
6/29/2008,15,0.01282051282051282
6/29/2008,16,0.10256410256410256
6/29/2008,17,0.2564102564102564
6/29/2008,18,0.5641025641025641
6/29/2008,19,0.01282051282051282
6/29/2008,20,0.041666666666666664
6/29/2008,21,0.041666666666666664
6/29/2008,22,0.02564102564102564
6/29/2008,23,0.041666666666666664
6/29/2008,24,0.041666666666666664
6/30/2008,1,0.041666666666666664
6/30/2008,2,0.041666666666666664
6/30/2008,3,0.041666666666666664
6/30/2008,4,0.041666666666666664
6/30/2008,5,0.041666666666666664
6/30/2008,6,0.041666666666666664
6/30/2008,7,0.041666666666666664
6/30/2008,8,0.041666666666666664
6/30/2008,9,0.041666666666666664
6/30/2008,10,0.041666666666666664
6/30/2008,11,0.041666666666666664
6/30/2008,12,0.005050505050505051
6/30/2008,13,0.041666666666666664
6/30/2008,14,0.015151515151515152
6/30/2008,15,0.07575757575757576
6/30/2008,16,0.08080808080808081
6/30/2008,17,0.1717171717171717
6/30/2008,18,0.5656565656565656
6/30/2008,19,0.050505050505050504
6/30/2008,20,0.041666666666666664
6/30/2008,21,0.025252525252525252
6/30/2008,22,0.010101010101010102
6/30/2008,23,0.041666666666666664
6/30/2008,24,0.041666666666666664
7/1/2008,1,0.041666666666666664
7/1/2008,2,0.041666666666666664
7/1/2008,3,0.041666666666666664
7/1/2008,4,0.041666666666666664
7/1/2008,5,0.041666666666666664
7/1/2008,6,0.041666666666666664
7/1/2008,7,0.041666666666666664
7/1/2008,8,0.041666666666666664
7/1/2008,9,0.041666666666666664
7/1/2008,10,0.041666666666666664
7/1/2008,11,0.041666666666666664
7/1/2008,12,0.005050505050505051
7/1/2008,13,0.041666666666666664
7/1/2008,14,0.015151515151515152
7/1/2008,15,0.07575757575757576
7/1/2008,16,0.08080808080808081
7/1/2008,17,0.1717171717171717
7/1/2008,18,0.5656565656565656
7/1/2008,19,0.050505050505050504
7/1/2008,20,0.041666666666666664
7/1/2008,21,0.025252525252525252
7/1/2008,22,0.010101010101010102
7/1/2008,23,0.041666666666666664
7/1/2008,24,0.041666666666666664
7/2/2008,1,0.041666666666666664
7/2/2008,2,0.041666666666666664
7/2/2008,3,0.041666666666666664
7/2/2008,4,0.041666666666666664
7/2/2008,5,0.041666666666666664
7/2/2008,6,0.041666666666666664
7/2/2008,7,0.041666666666666664
7/2/2008,8,0.041666666666666664
7/2/2008,9,0.041666666666666664
7/2/2008,10,0.041666666666666664
7/2/2008,11,0.041666666666666664
7/2/2008,12,0.005050505050505051
7/2/2008,13,0.041666666666666664
7/2/2008,14,0.015151515151515152
7/2/2008,15,0.07575757575757576
7/2/2008,16,0.08080808080808081
7/2/2008,17,0.1717171717171717
7/2/2008,18,0.5656565656565656
7/2/2008,19,0.050505050505050504
7/2/2008,20,0.041666666666666664
7/2/2008,21,0.025252525252525252
7/2/2008,22,0.010101010101010102
7/2/2008,23,0.041666666666666664
7/2/2008,24,0.041666666666666664
7/3/2008,1,0.041666666666666664
7/3/2008,2,0.041666666666666664
7/3/2008,3,0.041666666666666664
7/3/2008,4,0.041666666666666664
7/3/2008,5,0.041666666666666664
7/3/2008,6,0.041666666666666664
7/3/2008,7,0.041666666666666664
7/3/2008,8,0.041666666666666664
7/3/2008,9,0.041666666666666664
7/3/2008,10,0.041666666666666664
7/3/2008,11,0.041666666666666664
7/3/2008,12,0.005050505050505051
7/3/2008,13,0.041666666666666664
7/3/2008,14,0.015151515151515152
7/3/2008,15,0.07575757575757576
7/3/2008,16,0.08080808080808081
7/3/2008,17,0.1717171717171717
7/3/2008,18,0.5656565656565656
7/3/2008,19,0.050505050505050504
7/3/2008,20,0.041666666666666664
7/3/2008,21,0.025252525252525252
7/3/2008,22,0.010101010101010102
7/3/2008,23,0.041666666666666664
7/3/2008,24,0.041666666666666664
7/4/2008,1,0.041666666666666664
7/4/2008,2,0.041666666666666664
7/4/2008,3,0.041666666666666664
7/4/2008,4,0.041666666666666664
7/4/2008,5,0.041666666666666664
7/4/2008,6,0.041666666666666664
7/4/2008,7,0.041666666666666664
7/4/2008,8,0.041666666666666664
7/4/2008,9,0.041666666666666664
7/4/2008,10,0.041666666666666664
7/4/2008,11,0.041666666666666664
7/4/2008,12,0.005050505050505051
7/4/2008,13,0.041666666666666664
7/4/2008,14,0.015151515151515152
7/4/2008,15,0.07575757575757576
7/4/2008,16,0.08080808080808081
7/4/2008,17,0.1717171717171717
7/4/2008,18,0.5656565656565656
7/4/2008,19,0.050505050505050504
7/4/2008,20,0.041666666666666664
7/4/2008,21,0.025252525252525252
7/4/2008,22,0.010101010101010102
7/4/2008,23,0.041666666666666664
7/4/2008,24,0.041666666666666664
7/5/2008,1,0.041666666666666664
7/5/2008,2,0.041666666666666664
7/5/2008,3,0.041666666666666664
7/5/2008,4,0.041666666666666664
7/5/2008,5,0.041666666666666664
7/5/2008,6,0.041666666666666664
7/5/2008,7,0.041666666666666664
7/5/2008,8,0.041666666666666664
7/5/2008,9,0.041666666666666664
7/5/2008,10,0.041666666666666664
7/5/2008,11,0.041666666666666664
7/5/2008,12,0.041666666666666664
7/5/2008,13,0.01282051282051282
7/5/2008,14,0.01282051282051282
7/5/2008,15,0.01282051282051282
7/5/2008,16,0.10256410256410256
7/5/2008,17,0.2564102564102564
7/5/2008,18,0.5641025641025641
7/5/2008,19,0.01282051282051282
7/5/2008,20,0.041666666666666664
7/5/2008,21,0.041666666666666664
7/5/2008,22,0.02564102564102564
7/5/2008,23,0.041666666666666664
7/5/2008,24,0.041666666666666664
7/6/2008,1,0.041666666666666664
7/6/2008,2,0.041666666666666664
7/6/2008,3,0.041666666666666664
7/6/2008,4,0.041666666666666664
7/6/2008,5,0.041666666666666664
7/6/2008,6,0.041666666666666664
7/6/2008,7,0.041666666666666664
7/6/2008,8,0.041666666666666664
7/6/2008,9,0.041666666666666664
7/6/2008,10,0.041666666666666664
7/6/2008,11,0.041666666666666664
7/6/2008,12,0.041666666666666664
7/6/2008,13,0.01282051282051282
7/6/2008,14,0.01282051282051282
7/6/2008,15,0.01282051282051282
7/6/2008,16,0.10256410256410256
7/6/2008,17,0.2564102564102564
7/6/2008,18,0.5641025641025641
7/6/2008,19,0.01282051282051282
7/6/2008,20,0.041666666666666664
7/6/2008,21,0.041666666666666664
7/6/2008,22,0.02564102564102564
7/6/2008,23,0.041666666666666664
7/6/2008,24,0.041666666666666664
7/7/2008,1,0.041666666666666664
7/7/2008,2,0.041666666666666664
7/7/2008,3,0.041666666666666664
7/7/2008,4,0.041666666666666664
7/7/2008,5,0.041666666666666664
7/7/2008,6,0.041666666666666664
7/7/2008,7,0.041666666666666664
7/7/2008,8,0.041666666666666664
7/7/2008,9,0.041666666666666664
7/7/2008,10,0.041666666666666664
7/7/2008,11,0.041666666666666664
7/7/2008,12,0.005050505050505051
7/7/2008,13,0.041666666666666664
7/7/2008,14,0.015151515151515152
7/7/2008,15,0.07575757575757576
7/7/2008,16,0.08080808080808081
7/7/2008,17,0.1717171717171717
7/7/2008,18,0.5656565656565656
7/7/2008,19,0.050505050505050504
7/7/2008,20,0.041666666666666664
7/7/2008,21,0.025252525252525252
7/7/2008,22,0.010101010101010102
7/7/2008,23,0.041666666666666664
7/7/2008,24,0.041666666666666664
7/8/2008,1,0.041666666666666664
7/8/2008,2,0.041666666666666664
7/8/2008,3,0.041666666666666664
7/8/2008,4,0.041666666666666664
7/8/2008,5,0.041666666666666664
7/8/2008,6,0.041666666666666664
7/8/2008,7,0.041666666666666664
7/8/2008,8,0.041666666666666664
7/8/2008,9,0.041666666666666664
7/8/2008,10,0.041666666666666664
7/8/2008,11,0.041666666666666664
7/8/2008,12,0.005050505050505051
7/8/2008,13,0.041666666666666664
7/8/2008,14,0.015151515151515152
7/8/2008,15,0.07575757575757576
7/8/2008,16,0.08080808080808081
7/8/2008,17,0.1717171717171717
7/8/2008,18,0.5656565656565656
7/8/2008,19,0.050505050505050504
7/8/2008,20,0.041666666666666664
7/8/2008,21,0.025252525252525252
7/8/2008,22,0.010101010101010102
7/8/2008,23,0.041666666666666664
7/8/2008,24,0.041666666666666664
7/9/2008,1,0.041666666666666664
7/9/2008,2,0.041666666666666664
7/9/2008,3,0.041666666666666664
7/9/2008,4,0.041666666666666664
7/9/2008,5,0.041666666666666664
7/9/2008,6,0.041666666666666664
7/9/2008,7,0.041666666666666664
7/9/2008,8,0.041666666666666664
7/9/2008,9,0.041666666666666664
7/9/2008,10,0.041666666666666664
7/9/2008,11,0.041666666666666664
7/9/2008,12,0.005050505050505051
7/9/2008,13,0.041666666666666664
7/9/2008,14,0.015151515151515152
7/9/2008,15,0.07575757575757576
7/9/2008,16,0.08080808080808081
7/9/2008,17,0.1717171717171717
7/9/2008,18,0.5656565656565656
7/9/2008,19,0.050505050505050504
7/9/2008,20,0.041666666666666664
7/9/2008,21,0.025252525252525252
7/9/2008,22,0.010101010101010102
7/9/2008,23,0.041666666666666664
7/9/2008,24,0.041666666666666664
7/10/2008,1,0.041666666666666664
7/10/2008,2,0.041666666666666664
7/10/2008,3,0.041666666666666664
7/10/2008,4,0.041666666666666664
7/10/2008,5,0.041666666666666664
7/10/2008,6,0.041666666666666664
7/10/2008,7,0.041666666666666664
7/10/2008,8,0.041666666666666664
7/10/2008,9,0.041666666666666664
7/10/2008,10,0.041666666666666664
7/10/2008,11,0.041666666666666664
7/10/2008,12,0.005050505050505051
7/10/2008,13,0.041666666666666664
7/10/2008,14,0.015151515151515152
7/10/2008,15,0.07575757575757576
7/10/2008,16,0.08080808080808081
7/10/2008,17,0.1717171717171717
7/10/2008,18,0.5656565656565656
7/10/2008,19,0.050505050505050504
7/10/2008,20,0.041666666666666664
7/10/2008,21,0.025252525252525252
7/10/2008,22,0.010101010101010102
7/10/2008,23,0.041666666666666664
7/10/2008,24,0.041666666666666664
7/11/2008,1,0.041666666666666664
7/11/2008,2,0.041666666666666664
7/11/2008,3,0.041666666666666664
7/11/2008,4,0.041666666666666664
7/11/2008,5,0.041666666666666664
7/11/2008,6,0.041666666666666664
7/11/2008,7,0.041666666666666664
7/11/2008,8,0.041666666666666664
7/11/2008,9,0.041666666666666664
7/11/2008,10,0.041666666666666664
7/11/2008,11,0.041666666666666664
7/11/2008,12,0.005050505050505051
7/11/2008,13,0.041666666666666664
7/11/2008,14,0.015151515151515152
7/11/2008,15,0.07575757575757576
7/11/2008,16,0.08080808080808081
7/11/2008,17,0.1717171717171717
7/11/2008,18,0.5656565656565656
7/11/2008,19,0.050505050505050504
7/11/2008,20,0.041666666666666664
7/11/2008,21,0.025252525252525252
7/11/2008,22,0.010101010101010102
7/11/2008,23,0.041666666666666664
7/11/2008,24,0.041666666666666664
7/12/2008,1,0.041666666666666664
7/12/2008,2,0.041666666666666664
7/12/2008,3,0.041666666666666664
7/12/2008,4,0.041666666666666664
7/12/2008,5,0.041666666666666664
7/12/2008,6,0.041666666666666664
7/12/2008,7,0.041666666666666664
7/12/2008,8,0.041666666666666664
7/12/2008,9,0.041666666666666664
7/12/2008,10,0.041666666666666664
7/12/2008,11,0.041666666666666664
7/12/2008,12,0.041666666666666664
7/12/2008,13,0.01282051282051282
7/12/2008,14,0.01282051282051282
7/12/2008,15,0.01282051282051282
7/12/2008,16,0.10256410256410256
7/12/2008,17,0.2564102564102564
7/12/2008,18,0.5641025641025641
7/12/2008,19,0.01282051282051282
7/12/2008,20,0.041666666666666664
7/12/2008,21,0.041666666666666664
7/12/2008,22,0.02564102564102564
7/12/2008,23,0.041666666666666664
7/12/2008,24,0.041666666666666664
7/13/2008,1,0.041666666666666664
7/13/2008,2,0.041666666666666664
7/13/2008,3,0.041666666666666664
7/13/2008,4,0.041666666666666664
7/13/2008,5,0.041666666666666664
7/13/2008,6,0.041666666666666664
7/13/2008,7,0.041666666666666664
7/13/2008,8,0.041666666666666664
7/13/2008,9,0.041666666666666664
7/13/2008,10,0.041666666666666664
7/13/2008,11,0.041666666666666664
7/13/2008,12,0.041666666666666664
7/13/2008,13,0.01282051282051282
7/13/2008,14,0.01282051282051282
7/13/2008,15,0.01282051282051282
7/13/2008,16,0.10256410256410256
7/13/2008,17,0.2564102564102564
7/13/2008,18,0.5641025641025641
7/13/2008,19,0.01282051282051282
7/13/2008,20,0.041666666666666664
7/13/2008,21,0.041666666666666664
7/13/2008,22,0.02564102564102564
7/13/2008,23,0.041666666666666664
7/13/2008,24,0.041666666666666664
7/14/2008,1,0.041666666666666664
7/14/2008,2,0.041666666666666664
7/14/2008,3,0.041666666666666664
7/14/2008,4,0.041666666666666664
7/14/2008,5,0.041666666666666664
7/14/2008,6,0.041666666666666664
7/14/2008,7,0.041666666666666664
7/14/2008,8,0.041666666666666664
7/14/2008,9,0.041666666666666664
7/14/2008,10,0.041666666666666664
7/14/2008,11,0.041666666666666664
7/14/2008,12,0.005050505050505051
7/14/2008,13,0.041666666666666664
7/14/2008,14,0.015151515151515152
7/14/2008,15,0.07575757575757576
7/14/2008,16,0.08080808080808081
7/14/2008,17,0.1717171717171717
7/14/2008,18,0.5656565656565656
7/14/2008,19,0.050505050505050504
7/14/2008,20,0.041666666666666664
7/14/2008,21,0.025252525252525252
7/14/2008,22,0.010101010101010102
7/14/2008,23,0.041666666666666664
7/14/2008,24,0.041666666666666664
7/15/2008,1,0.041666666666666664
7/15/2008,2,0.041666666666666664
7/15/2008,3,0.041666666666666664
7/15/2008,4,0.041666666666666664
7/15/2008,5,0.041666666666666664
7/15/2008,6,0.041666666666666664
7/15/2008,7,0.041666666666666664
7/15/2008,8,0.041666666666666664
7/15/2008,9,0.041666666666666664
7/15/2008,10,0.041666666666666664
7/15/2008,11,0.041666666666666664
7/15/2008,12,0.005050505050505051
7/15/2008,13,0.041666666666666664
7/15/2008,14,0.015151515151515152
7/15/2008,15,0.07575757575757576
7/15/2008,16,0.08080808080808081
7/15/2008,17,0.1717171717171717
7/15/2008,18,0.5656565656565656
7/15/2008,19,0.050505050505050504
7/15/2008,20,0.041666666666666664
7/15/2008,21,0.025252525252525252
7/15/2008,22,0.010101010101010102
7/15/2008,23,0.041666666666666664
7/15/2008,24,0.041666666666666664
7/16/2008,1,0.041666666666666664
7/16/2008,2,0.041666666666666664
7/16/2008,3,0.041666666666666664
7/16/2008,4,0.041666666666666664
7/16/2008,5,0.041666666666666664
7/16/2008,6,0.041666666666666664
7/16/2008,7,0.041666666666666664
7/16/2008,8,0.041666666666666664
7/16/2008,9,0.041666666666666664
7/16/2008,10,0.041666666666666664
7/16/2008,11,0.041666666666666664
7/16/2008,12,0.005050505050505051
7/16/2008,13,0.041666666666666664
7/16/2008,14,0.015151515151515152
7/16/2008,15,0.07575757575757576
7/16/2008,16,0.08080808080808081
7/16/2008,17,0.1717171717171717
7/16/2008,18,0.5656565656565656
7/16/2008,19,0.050505050505050504
7/16/2008,20,0.041666666666666664
7/16/2008,21,0.025252525252525252
7/16/2008,22,0.010101010101010102
7/16/2008,23,0.041666666666666664
7/16/2008,24,0.041666666666666664
7/17/2008,1,0.041666666666666664
7/17/2008,2,0.041666666666666664
7/17/2008,3,0.041666666666666664
7/17/2008,4,0.041666666666666664
7/17/2008,5,0.041666666666666664
7/17/2008,6,0.041666666666666664
7/17/2008,7,0.041666666666666664
7/17/2008,8,0.041666666666666664
7/17/2008,9,0.041666666666666664
7/17/2008,10,0.041666666666666664
7/17/2008,11,0.041666666666666664
7/17/2008,12,0.005050505050505051
7/17/2008,13,0.041666666666666664
7/17/2008,14,0.015151515151515152
7/17/2008,15,0.07575757575757576
7/17/2008,16,0.08080808080808081
7/17/2008,17,0.1717171717171717
7/17/2008,18,0.5656565656565656
7/17/2008,19,0.050505050505050504
7/17/2008,20,0.041666666666666664
7/17/2008,21,0.025252525252525252
7/17/2008,22,0.010101010101010102
7/17/2008,23,0.041666666666666664
7/17/2008,24,0.041666666666666664
7/18/2008,1,0.041666666666666664
7/18/2008,2,0.041666666666666664
7/18/2008,3,0.041666666666666664
7/18/2008,4,0.041666666666666664
7/18/2008,5,0.041666666666666664
7/18/2008,6,0.041666666666666664
7/18/2008,7,0.041666666666666664
7/18/2008,8,0.041666666666666664
7/18/2008,9,0.041666666666666664
7/18/2008,10,0.041666666666666664
7/18/2008,11,0.041666666666666664
7/18/2008,12,0.005050505050505051
7/18/2008,13,0.041666666666666664
7/18/2008,14,0.015151515151515152
7/18/2008,15,0.07575757575757576
7/18/2008,16,0.08080808080808081
7/18/2008,17,0.1717171717171717
7/18/2008,18,0.5656565656565656
7/18/2008,19,0.050505050505050504
7/18/2008,20,0.041666666666666664
7/18/2008,21,0.025252525252525252
7/18/2008,22,0.010101010101010102
7/18/2008,23,0.041666666666666664
7/18/2008,24,0.041666666666666664
7/19/2008,1,0.041666666666666664
7/19/2008,2,0.041666666666666664
7/19/2008,3,0.041666666666666664
7/19/2008,4,0.041666666666666664
7/19/2008,5,0.041666666666666664
7/19/2008,6,0.041666666666666664
7/19/2008,7,0.041666666666666664
7/19/2008,8,0.041666666666666664
7/19/2008,9,0.041666666666666664
7/19/2008,10,0.041666666666666664
7/19/2008,11,0.041666666666666664
7/19/2008,12,0.041666666666666664
7/19/2008,13,0.01282051282051282
7/19/2008,14,0.01282051282051282
7/19/2008,15,0.01282051282051282
7/19/2008,16,0.10256410256410256
7/19/2008,17,0.2564102564102564
7/19/2008,18,0.5641025641025641
7/19/2008,19,0.01282051282051282
7/19/2008,20,0.041666666666666664
7/19/2008,21,0.041666666666666664
7/19/2008,22,0.02564102564102564
7/19/2008,23,0.041666666666666664
7/19/2008,24,0.041666666666666664
7/20/2008,1,0.041666666666666664
7/20/2008,2,0.041666666666666664
7/20/2008,3,0.041666666666666664
7/20/2008,4,0.041666666666666664
7/20/2008,5,0.041666666666666664
7/20/2008,6,0.041666666666666664
7/20/2008,7,0.041666666666666664
7/20/2008,8,0.041666666666666664
7/20/2008,9,0.041666666666666664
7/20/2008,10,0.041666666666666664
7/20/2008,11,0.041666666666666664
7/20/2008,12,0.041666666666666664
7/20/2008,13,0.01282051282051282
7/20/2008,14,0.01282051282051282
7/20/2008,15,0.01282051282051282
7/20/2008,16,0.10256410256410256
7/20/2008,17,0.2564102564102564
7/20/2008,18,0.5641025641025641
7/20/2008,19,0.01282051282051282
7/20/2008,20,0.041666666666666664
7/20/2008,21,0.041666666666666664
7/20/2008,22,0.02564102564102564
7/20/2008,23,0.041666666666666664
7/20/2008,24,0.041666666666666664
7/21/2008,1,0.041666666666666664
7/21/2008,2,0.041666666666666664
7/21/2008,3,0.041666666666666664
7/21/2008,4,0.041666666666666664
7/21/2008,5,0.041666666666666664
7/21/2008,6,0.041666666666666664
7/21/2008,7,0.041666666666666664
7/21/2008,8,0.041666666666666664
7/21/2008,9,0.041666666666666664
7/21/2008,10,0.041666666666666664
7/21/2008,11,0.041666666666666664
7/21/2008,12,0.005050505050505051
7/21/2008,13,0.041666666666666664
7/21/2008,14,0.015151515151515152
7/21/2008,15,0.07575757575757576
7/21/2008,16,0.08080808080808081
7/21/2008,17,0.1717171717171717
7/21/2008,18,0.5656565656565656
7/21/2008,19,0.050505050505050504
7/21/2008,20,0.041666666666666664
7/21/2008,21,0.025252525252525252
7/21/2008,22,0.010101010101010102
7/21/2008,23,0.041666666666666664
7/21/2008,24,0.041666666666666664
7/22/2008,1,0.041666666666666664
7/22/2008,2,0.041666666666666664
7/22/2008,3,0.041666666666666664
7/22/2008,4,0.041666666666666664
7/22/2008,5,0.041666666666666664
7/22/2008,6,0.041666666666666664
7/22/2008,7,0.041666666666666664
7/22/2008,8,0.041666666666666664
7/22/2008,9,0.041666666666666664
7/22/2008,10,0.041666666666666664
7/22/2008,11,0.041666666666666664
7/22/2008,12,0.005050505050505051
7/22/2008,13,0.041666666666666664
7/22/2008,14,0.015151515151515152
7/22/2008,15,0.07575757575757576
7/22/2008,16,0.08080808080808081
7/22/2008,17,0.1717171717171717
7/22/2008,18,0.5656565656565656
7/22/2008,19,0.050505050505050504
7/22/2008,20,0.041666666666666664
7/22/2008,21,0.025252525252525252
7/22/2008,22,0.010101010101010102
7/22/2008,23,0.041666666666666664
7/22/2008,24,0.041666666666666664
7/23/2008,1,0.041666666666666664
7/23/2008,2,0.041666666666666664
7/23/2008,3,0.041666666666666664
7/23/2008,4,0.041666666666666664
7/23/2008,5,0.041666666666666664
7/23/2008,6,0.041666666666666664
7/23/2008,7,0.041666666666666664
7/23/2008,8,0.041666666666666664
7/23/2008,9,0.041666666666666664
7/23/2008,10,0.041666666666666664
7/23/2008,11,0.041666666666666664
7/23/2008,12,0.005050505050505051
7/23/2008,13,0.041666666666666664
7/23/2008,14,0.015151515151515152
7/23/2008,15,0.07575757575757576
7/23/2008,16,0.08080808080808081
7/23/2008,17,0.1717171717171717
7/23/2008,18,0.5656565656565656
7/23/2008,19,0.050505050505050504
7/23/2008,20,0.041666666666666664
7/23/2008,21,0.025252525252525252
7/23/2008,22,0.010101010101010102
7/23/2008,23,0.041666666666666664
7/23/2008,24,0.041666666666666664
7/24/2008,1,0.041666666666666664
7/24/2008,2,0.041666666666666664
7/24/2008,3,0.041666666666666664
7/24/2008,4,0.041666666666666664
7/24/2008,5,0.041666666666666664
7/24/2008,6,0.041666666666666664
7/24/2008,7,0.041666666666666664
7/24/2008,8,0.041666666666666664
7/24/2008,9,0.041666666666666664
7/24/2008,10,0.041666666666666664
7/24/2008,11,0.041666666666666664
7/24/2008,12,0.005050505050505051
7/24/2008,13,0.041666666666666664
7/24/2008,14,0.015151515151515152
7/24/2008,15,0.07575757575757576
7/24/2008,16,0.08080808080808081
7/24/2008,17,0.1717171717171717
7/24/2008,18,0.5656565656565656
7/24/2008,19,0.050505050505050504
7/24/2008,20,0.041666666666666664
7/24/2008,21,0.025252525252525252
7/24/2008,22,0.010101010101010102
7/24/2008,23,0.041666666666666664
7/24/2008,24,0.041666666666666664
7/25/2008,1,0.041666666666666664
7/25/2008,2,0.041666666666666664
7/25/2008,3,0.041666666666666664
7/25/2008,4,0.041666666666666664
7/25/2008,5,0.041666666666666664
7/25/2008,6,0.041666666666666664
7/25/2008,7,0.041666666666666664
7/25/2008,8,0.041666666666666664
7/25/2008,9,0.041666666666666664
7/25/2008,10,0.041666666666666664
7/25/2008,11,0.041666666666666664
7/25/2008,12,0.005050505050505051
7/25/2008,13,0.041666666666666664
7/25/2008,14,0.015151515151515152
7/25/2008,15,0.07575757575757576
7/25/2008,16,0.08080808080808081
7/25/2008,17,0.1717171717171717
7/25/2008,18,0.5656565656565656
7/25/2008,19,0.050505050505050504
7/25/2008,20,0.041666666666666664
7/25/2008,21,0.025252525252525252
7/25/2008,22,0.010101010101010102
7/25/2008,23,0.041666666666666664
7/25/2008,24,0.041666666666666664
7/26/2008,1,0.041666666666666664
7/26/2008,2,0.041666666666666664
7/26/2008,3,0.041666666666666664
7/26/2008,4,0.041666666666666664
7/26/2008,5,0.041666666666666664
7/26/2008,6,0.041666666666666664
7/26/2008,7,0.041666666666666664
7/26/2008,8,0.041666666666666664
7/26/2008,9,0.041666666666666664
7/26/2008,10,0.041666666666666664
7/26/2008,11,0.041666666666666664
7/26/2008,12,0.041666666666666664
7/26/2008,13,0.01282051282051282
7/26/2008,14,0.01282051282051282
7/26/2008,15,0.01282051282051282
7/26/2008,16,0.10256410256410256
7/26/2008,17,0.2564102564102564
7/26/2008,18,0.5641025641025641
7/26/2008,19,0.01282051282051282
7/26/2008,20,0.041666666666666664
7/26/2008,21,0.041666666666666664
7/26/2008,22,0.02564102564102564
7/26/2008,23,0.041666666666666664
7/26/2008,24,0.041666666666666664
7/27/2008,1,0.041666666666666664
7/27/2008,2,0.041666666666666664
7/27/2008,3,0.041666666666666664
7/27/2008,4,0.041666666666666664
7/27/2008,5,0.041666666666666664
7/27/2008,6,0.041666666666666664
7/27/2008,7,0.041666666666666664
7/27/2008,8,0.041666666666666664
7/27/2008,9,0.041666666666666664
7/27/2008,10,0.041666666666666664
7/27/2008,11,0.041666666666666664
7/27/2008,12,0.041666666666666664
7/27/2008,13,0.01282051282051282
7/27/2008,14,0.01282051282051282
7/27/2008,15,0.01282051282051282
7/27/2008,16,0.10256410256410256
7/27/2008,17,0.2564102564102564
7/27/2008,18,0.5641025641025641
7/27/2008,19,0.01282051282051282
7/27/2008,20,0.041666666666666664
7/27/2008,21,0.041666666666666664
7/27/2008,22,0.02564102564102564
7/27/2008,23,0.041666666666666664
7/27/2008,24,0.041666666666666664
7/28/2008,1,0.041666666666666664
7/28/2008,2,0.041666666666666664
7/28/2008,3,0.041666666666666664
7/28/2008,4,0.041666666666666664
7/28/2008,5,0.041666666666666664
7/28/2008,6,0.041666666666666664
7/28/2008,7,0.041666666666666664
7/28/2008,8,0.041666666666666664
7/28/2008,9,0.041666666666666664
7/28/2008,10,0.041666666666666664
7/28/2008,11,0.041666666666666664
7/28/2008,12,0.005050505050505051
7/28/2008,13,0.041666666666666664
7/28/2008,14,0.015151515151515152
7/28/2008,15,0.07575757575757576
7/28/2008,16,0.08080808080808081
7/28/2008,17,0.1717171717171717
7/28/2008,18,0.5656565656565656
7/28/2008,19,0.050505050505050504
7/28/2008,20,0.041666666666666664
7/28/2008,21,0.025252525252525252
7/28/2008,22,0.010101010101010102
7/28/2008,23,0.041666666666666664
7/28/2008,24,0.041666666666666664
7/29/2008,1,0.041666666666666664
7/29/2008,2,0.041666666666666664
7/29/2008,3,0.041666666666666664
7/29/2008,4,0.041666666666666664
7/29/2008,5,0.041666666666666664
7/29/2008,6,0.041666666666666664
7/29/2008,7,0.041666666666666664
7/29/2008,8,0.041666666666666664
7/29/2008,9,0.041666666666666664
7/29/2008,10,0.041666666666666664
7/29/2008,11,0.041666666666666664
7/29/2008,12,0.005050505050505051
7/29/2008,13,0.041666666666666664
7/29/2008,14,0.015151515151515152
7/29/2008,15,0.07575757575757576
7/29/2008,16,0.08080808080808081
7/29/2008,17,0.1717171717171717
7/29/2008,18,0.5656565656565656
7/29/2008,19,0.050505050505050504
7/29/2008,20,0.041666666666666664
7/29/2008,21,0.025252525252525252
7/29/2008,22,0.010101010101010102
7/29/2008,23,0.041666666666666664
7/29/2008,24,0.041666666666666664
7/30/2008,1,0.041666666666666664
7/30/2008,2,0.041666666666666664
7/30/2008,3,0.041666666666666664
7/30/2008,4,0.041666666666666664
7/30/2008,5,0.041666666666666664
7/30/2008,6,0.041666666666666664
7/30/2008,7,0.041666666666666664
7/30/2008,8,0.041666666666666664
7/30/2008,9,0.041666666666666664
7/30/2008,10,0.041666666666666664
7/30/2008,11,0.041666666666666664
7/30/2008,12,0.005050505050505051
7/30/2008,13,0.041666666666666664
7/30/2008,14,0.015151515151515152
7/30/2008,15,0.07575757575757576
7/30/2008,16,0.08080808080808081
7/30/2008,17,0.1717171717171717
7/30/2008,18,0.5656565656565656
7/30/2008,19,0.050505050505050504
7/30/2008,20,0.041666666666666664
7/30/2008,21,0.025252525252525252
7/30/2008,22,0.010101010101010102
7/30/2008,23,0.041666666666666664
7/30/2008,24,0.041666666666666664
7/31/2008,1,0.041666666666666664
7/31/2008,2,0.041666666666666664
7/31/2008,3,0.041666666666666664
7/31/2008,4,0.041666666666666664
7/31/2008,5,0.041666666666666664
7/31/2008,6,0.041666666666666664
7/31/2008,7,0.041666666666666664
7/31/2008,8,0.041666666666666664
7/31/2008,9,0.041666666666666664
7/31/2008,10,0.041666666666666664
7/31/2008,11,0.041666666666666664
7/31/2008,12,0.005050505050505051
7/31/2008,13,0.041666666666666664
7/31/2008,14,0.015151515151515152
7/31/2008,15,0.07575757575757576
7/31/2008,16,0.08080808080808081
7/31/2008,17,0.1717171717171717
7/31/2008,18,0.5656565656565656
7/31/2008,19,0.050505050505050504
7/31/2008,20,0.041666666666666664
7/31/2008,21,0.025252525252525252
7/31/2008,22,0.010101010101010102
7/31/2008,23,0.041666666666666664
7/31/2008,24,0.041666666666666664
8/1/2008,1,0.041666666666666664
8/1/2008,2,0.041666666666666664
8/1/2008,3,0.041666666666666664
8/1/2008,4,0.041666666666666664
8/1/2008,5,0.041666666666666664
8/1/2008,6,0.041666666666666664
8/1/2008,7,0.041666666666666664
8/1/2008,8,0.041666666666666664
8/1/2008,9,0.041666666666666664
8/1/2008,10,0.041666666666666664
8/1/2008,11,0.041666666666666664
8/1/2008,12,0.005050505050505051
8/1/2008,13,0.041666666666666664
8/1/2008,14,0.015151515151515152
8/1/2008,15,0.07575757575757576
8/1/2008,16,0.08080808080808081
8/1/2008,17,0.1717171717171717
8/1/2008,18,0.5656565656565656
8/1/2008,19,0.050505050505050504
8/1/2008,20,0.041666666666666664
8/1/2008,21,0.025252525252525252
8/1/2008,22,0.010101010101010102
8/1/2008,23,0.041666666666666664
8/1/2008,24,0.041666666666666664
8/2/2008,1,0.041666666666666664
8/2/2008,2,0.041666666666666664
8/2/2008,3,0.041666666666666664
8/2/2008,4,0.041666666666666664
8/2/2008,5,0.041666666666666664
8/2/2008,6,0.041666666666666664
8/2/2008,7,0.041666666666666664
8/2/2008,8,0.041666666666666664
8/2/2008,9,0.041666666666666664
8/2/2008,10,0.041666666666666664
8/2/2008,11,0.041666666666666664
8/2/2008,12,0.041666666666666664
8/2/2008,13,0.01282051282051282
8/2/2008,14,0.01282051282051282
8/2/2008,15,0.01282051282051282
8/2/2008,16,0.10256410256410256
8/2/2008,17,0.2564102564102564
8/2/2008,18,0.5641025641025641
8/2/2008,19,0.01282051282051282
8/2/2008,20,0.041666666666666664
8/2/2008,21,0.041666666666666664
8/2/2008,22,0.02564102564102564
8/2/2008,23,0.041666666666666664
8/2/2008,24,0.041666666666666664
8/3/2008,1,0.041666666666666664
8/3/2008,2,0.041666666666666664
8/3/2008,3,0.041666666666666664
8/3/2008,4,0.041666666666666664
8/3/2008,5,0.041666666666666664
8/3/2008,6,0.041666666666666664
8/3/2008,7,0.041666666666666664
8/3/2008,8,0.041666666666666664
8/3/2008,9,0.041666666666666664
8/3/2008,10,0.041666666666666664
8/3/2008,11,0.041666666666666664
8/3/2008,12,0.041666666666666664
8/3/2008,13,0.01282051282051282
8/3/2008,14,0.01282051282051282
8/3/2008,15,0.01282051282051282
8/3/2008,16,0.10256410256410256
8/3/2008,17,0.2564102564102564
8/3/2008,18,0.5641025641025641
8/3/2008,19,0.01282051282051282
8/3/2008,20,0.041666666666666664
8/3/2008,21,0.041666666666666664
8/3/2008,22,0.02564102564102564
8/3/2008,23,0.041666666666666664
8/3/2008,24,0.041666666666666664
8/4/2008,1,0.041666666666666664
8/4/2008,2,0.041666666666666664
8/4/2008,3,0.041666666666666664
8/4/2008,4,0.041666666666666664
8/4/2008,5,0.041666666666666664
8/4/2008,6,0.041666666666666664
8/4/2008,7,0.041666666666666664
8/4/2008,8,0.041666666666666664
8/4/2008,9,0.041666666666666664
8/4/2008,10,0.041666666666666664
8/4/2008,11,0.041666666666666664
8/4/2008,12,0.005050505050505051
8/4/2008,13,0.041666666666666664
8/4/2008,14,0.015151515151515152
8/4/2008,15,0.07575757575757576
8/4/2008,16,0.08080808080808081
8/4/2008,17,0.1717171717171717
8/4/2008,18,0.5656565656565656
8/4/2008,19,0.050505050505050504
8/4/2008,20,0.041666666666666664
8/4/2008,21,0.025252525252525252
8/4/2008,22,0.010101010101010102
8/4/2008,23,0.041666666666666664
8/4/2008,24,0.041666666666666664
8/5/2008,1,0.041666666666666664
8/5/2008,2,0.041666666666666664
8/5/2008,3,0.041666666666666664
8/5/2008,4,0.041666666666666664
8/5/2008,5,0.041666666666666664
8/5/2008,6,0.041666666666666664
8/5/2008,7,0.041666666666666664
8/5/2008,8,0.041666666666666664
8/5/2008,9,0.041666666666666664
8/5/2008,10,0.041666666666666664
8/5/2008,11,0.041666666666666664
8/5/2008,12,0.005050505050505051
8/5/2008,13,0.041666666666666664
8/5/2008,14,0.015151515151515152
8/5/2008,15,0.07575757575757576
8/5/2008,16,0.08080808080808081
8/5/2008,17,0.1717171717171717
8/5/2008,18,0.5656565656565656
8/5/2008,19,0.050505050505050504
8/5/2008,20,0.041666666666666664
8/5/2008,21,0.025252525252525252
8/5/2008,22,0.010101010101010102
8/5/2008,23,0.041666666666666664
8/5/2008,24,0.041666666666666664
8/6/2008,1,0.041666666666666664
8/6/2008,2,0.041666666666666664
8/6/2008,3,0.041666666666666664
8/6/2008,4,0.041666666666666664
8/6/2008,5,0.041666666666666664
8/6/2008,6,0.041666666666666664
8/6/2008,7,0.041666666666666664
8/6/2008,8,0.041666666666666664
8/6/2008,9,0.041666666666666664
8/6/2008,10,0.041666666666666664
8/6/2008,11,0.041666666666666664
8/6/2008,12,0.005050505050505051
8/6/2008,13,0.041666666666666664
8/6/2008,14,0.015151515151515152
8/6/2008,15,0.07575757575757576
8/6/2008,16,0.08080808080808081
8/6/2008,17,0.1717171717171717
8/6/2008,18,0.5656565656565656
8/6/2008,19,0.050505050505050504
8/6/2008,20,0.041666666666666664
8/6/2008,21,0.025252525252525252
8/6/2008,22,0.010101010101010102
8/6/2008,23,0.041666666666666664
8/6/2008,24,0.041666666666666664
8/7/2008,1,0.041666666666666664
8/7/2008,2,0.041666666666666664
8/7/2008,3,0.041666666666666664
8/7/2008,4,0.041666666666666664
8/7/2008,5,0.041666666666666664
8/7/2008,6,0.041666666666666664
8/7/2008,7,0.041666666666666664
8/7/2008,8,0.041666666666666664
8/7/2008,9,0.041666666666666664
8/7/2008,10,0.041666666666666664
8/7/2008,11,0.041666666666666664
8/7/2008,12,0.005050505050505051
8/7/2008,13,0.041666666666666664
8/7/2008,14,0.015151515151515152
8/7/2008,15,0.07575757575757576
8/7/2008,16,0.08080808080808081
8/7/2008,17,0.1717171717171717
8/7/2008,18,0.5656565656565656
8/7/2008,19,0.050505050505050504
8/7/2008,20,0.041666666666666664
8/7/2008,21,0.025252525252525252
8/7/2008,22,0.010101010101010102
8/7/2008,23,0.041666666666666664
8/7/2008,24,0.041666666666666664
8/8/2008,1,0.041666666666666664
8/8/2008,2,0.041666666666666664
8/8/2008,3,0.041666666666666664
8/8/2008,4,0.041666666666666664
8/8/2008,5,0.041666666666666664
8/8/2008,6,0.041666666666666664
8/8/2008,7,0.041666666666666664
8/8/2008,8,0.041666666666666664
8/8/2008,9,0.041666666666666664
8/8/2008,10,0.041666666666666664
8/8/2008,11,0.041666666666666664
8/8/2008,12,0.005050505050505051
8/8/2008,13,0.041666666666666664
8/8/2008,14,0.015151515151515152
8/8/2008,15,0.07575757575757576
8/8/2008,16,0.08080808080808081
8/8/2008,17,0.1717171717171717
8/8/2008,18,0.5656565656565656
8/8/2008,19,0.050505050505050504
8/8/2008,20,0.041666666666666664
8/8/2008,21,0.025252525252525252
8/8/2008,22,0.010101010101010102
8/8/2008,23,0.041666666666666664
8/8/2008,24,0.041666666666666664
8/9/2008,1,0.041666666666666664
8/9/2008,2,0.041666666666666664
8/9/2008,3,0.041666666666666664
8/9/2008,4,0.041666666666666664
8/9/2008,5,0.041666666666666664
8/9/2008,6,0.041666666666666664
8/9/2008,7,0.041666666666666664
8/9/2008,8,0.041666666666666664
8/9/2008,9,0.041666666666666664
8/9/2008,10,0.041666666666666664
8/9/2008,11,0.041666666666666664
8/9/2008,12,0.041666666666666664
8/9/2008,13,0.01282051282051282
8/9/2008,14,0.01282051282051282
8/9/2008,15,0.01282051282051282
8/9/2008,16,0.10256410256410256
8/9/2008,17,0.2564102564102564
8/9/2008,18,0.5641025641025641
8/9/2008,19,0.01282051282051282
8/9/2008,20,0.041666666666666664
8/9/2008,21,0.041666666666666664
8/9/2008,22,0.02564102564102564
8/9/2008,23,0.041666666666666664
8/9/2008,24,0.041666666666666664
8/10/2008,1,0.041666666666666664
8/10/2008,2,0.041666666666666664
8/10/2008,3,0.041666666666666664
8/10/2008,4,0.041666666666666664
8/10/2008,5,0.041666666666666664
8/10/2008,6,0.041666666666666664
8/10/2008,7,0.041666666666666664
8/10/2008,8,0.041666666666666664
8/10/2008,9,0.041666666666666664
8/10/2008,10,0.041666666666666664
8/10/2008,11,0.041666666666666664
8/10/2008,12,0.041666666666666664
8/10/2008,13,0.01282051282051282
8/10/2008,14,0.01282051282051282
8/10/2008,15,0.01282051282051282
8/10/2008,16,0.10256410256410256
8/10/2008,17,0.2564102564102564
8/10/2008,18,0.5641025641025641
8/10/2008,19,0.01282051282051282
8/10/2008,20,0.041666666666666664
8/10/2008,21,0.041666666666666664
8/10/2008,22,0.02564102564102564
8/10/2008,23,0.041666666666666664
8/10/2008,24,0.041666666666666664
8/11/2008,1,0.041666666666666664
8/11/2008,2,0.041666666666666664
8/11/2008,3,0.041666666666666664
8/11/2008,4,0.041666666666666664
8/11/2008,5,0.041666666666666664
8/11/2008,6,0.041666666666666664
8/11/2008,7,0.041666666666666664
8/11/2008,8,0.041666666666666664
8/11/2008,9,0.041666666666666664
8/11/2008,10,0.041666666666666664
8/11/2008,11,0.041666666666666664
8/11/2008,12,0.005050505050505051
8/11/2008,13,0.041666666666666664
8/11/2008,14,0.015151515151515152
8/11/2008,15,0.07575757575757576
8/11/2008,16,0.08080808080808081
8/11/2008,17,0.1717171717171717
8/11/2008,18,0.5656565656565656
8/11/2008,19,0.050505050505050504
8/11/2008,20,0.041666666666666664
8/11/2008,21,0.025252525252525252
8/11/2008,22,0.010101010101010102
8/11/2008,23,0.041666666666666664
8/11/2008,24,0.041666666666666664
8/12/2008,1,0.041666666666666664
8/12/2008,2,0.041666666666666664
8/12/2008,3,0.041666666666666664
8/12/2008,4,0.041666666666666664
8/12/2008,5,0.041666666666666664
8/12/2008,6,0.041666666666666664
8/12/2008,7,0.041666666666666664
8/12/2008,8,0.041666666666666664
8/12/2008,9,0.041666666666666664
8/12/2008,10,0.041666666666666664
8/12/2008,11,0.041666666666666664
8/12/2008,12,0.005050505050505051
8/12/2008,13,0.041666666666666664
8/12/2008,14,0.015151515151515152
8/12/2008,15,0.07575757575757576
8/12/2008,16,0.08080808080808081
8/12/2008,17,0.1717171717171717
8/12/2008,18,0.5656565656565656
8/12/2008,19,0.050505050505050504
8/12/2008,20,0.041666666666666664
8/12/2008,21,0.025252525252525252
8/12/2008,22,0.010101010101010102
8/12/2008,23,0.041666666666666664
8/12/2008,24,0.041666666666666664
8/13/2008,1,0.041666666666666664
8/13/2008,2,0.041666666666666664
8/13/2008,3,0.041666666666666664
8/13/2008,4,0.041666666666666664
8/13/2008,5,0.041666666666666664
8/13/2008,6,0.041666666666666664
8/13/2008,7,0.041666666666666664
8/13/2008,8,0.041666666666666664
8/13/2008,9,0.041666666666666664
8/13/2008,10,0.041666666666666664
8/13/2008,11,0.041666666666666664
8/13/2008,12,0.005050505050505051
8/13/2008,13,0.041666666666666664
8/13/2008,14,0.015151515151515152
8/13/2008,15,0.07575757575757576
8/13/2008,16,0.08080808080808081
8/13/2008,17,0.1717171717171717
8/13/2008,18,0.5656565656565656
8/13/2008,19,0.050505050505050504
8/13/2008,20,0.041666666666666664
8/13/2008,21,0.025252525252525252
8/13/2008,22,0.010101010101010102
8/13/2008,23,0.041666666666666664
8/13/2008,24,0.041666666666666664
8/14/2008,1,0.041666666666666664
8/14/2008,2,0.041666666666666664
8/14/2008,3,0.041666666666666664
8/14/2008,4,0.041666666666666664
8/14/2008,5,0.041666666666666664
8/14/2008,6,0.041666666666666664
8/14/2008,7,0.041666666666666664
8/14/2008,8,0.041666666666666664
8/14/2008,9,0.041666666666666664
8/14/2008,10,0.041666666666666664
8/14/2008,11,0.041666666666666664
8/14/2008,12,0.005050505050505051
8/14/2008,13,0.041666666666666664
8/14/2008,14,0.015151515151515152
8/14/2008,15,0.07575757575757576
8/14/2008,16,0.08080808080808081
8/14/2008,17,0.1717171717171717
8/14/2008,18,0.5656565656565656
8/14/2008,19,0.050505050505050504
8/14/2008,20,0.041666666666666664
8/14/2008,21,0.025252525252525252
8/14/2008,22,0.010101010101010102
8/14/2008,23,0.041666666666666664
8/14/2008,24,0.041666666666666664
8/15/2008,1,0.041666666666666664
8/15/2008,2,0.041666666666666664
8/15/2008,3,0.041666666666666664
8/15/2008,4,0.041666666666666664
8/15/2008,5,0.041666666666666664
8/15/2008,6,0.041666666666666664
8/15/2008,7,0.041666666666666664
8/15/2008,8,0.041666666666666664
8/15/2008,9,0.041666666666666664
8/15/2008,10,0.041666666666666664
8/15/2008,11,0.041666666666666664
8/15/2008,12,0.005050505050505051
8/15/2008,13,0.041666666666666664
8/15/2008,14,0.015151515151515152
8/15/2008,15,0.07575757575757576
8/15/2008,16,0.08080808080808081
8/15/2008,17,0.1717171717171717
8/15/2008,18,0.5656565656565656
8/15/2008,19,0.050505050505050504
8/15/2008,20,0.041666666666666664
8/15/2008,21,0.025252525252525252
8/15/2008,22,0.010101010101010102
8/15/2008,23,0.041666666666666664
8/15/2008,24,0.041666666666666664
8/16/2008,1,0.041666666666666664
8/16/2008,2,0.041666666666666664
8/16/2008,3,0.041666666666666664
8/16/2008,4,0.041666666666666664
8/16/2008,5,0.041666666666666664
8/16/2008,6,0.041666666666666664
8/16/2008,7,0.041666666666666664
8/16/2008,8,0.041666666666666664
8/16/2008,9,0.041666666666666664
8/16/2008,10,0.041666666666666664
8/16/2008,11,0.041666666666666664
8/16/2008,12,0.041666666666666664
8/16/2008,13,0.01282051282051282
8/16/2008,14,0.01282051282051282
8/16/2008,15,0.01282051282051282
8/16/2008,16,0.10256410256410256
8/16/2008,17,0.2564102564102564
8/16/2008,18,0.5641025641025641
8/16/2008,19,0.01282051282051282
8/16/2008,20,0.041666666666666664
8/16/2008,21,0.041666666666666664
8/16/2008,22,0.02564102564102564
8/16/2008,23,0.041666666666666664
8/16/2008,24,0.041666666666666664
8/17/2008,1,0.041666666666666664
8/17/2008,2,0.041666666666666664
8/17/2008,3,0.041666666666666664
8/17/2008,4,0.041666666666666664
8/17/2008,5,0.041666666666666664
8/17/2008,6,0.041666666666666664
8/17/2008,7,0.041666666666666664
8/17/2008,8,0.041666666666666664
8/17/2008,9,0.041666666666666664
8/17/2008,10,0.041666666666666664
8/17/2008,11,0.041666666666666664
8/17/2008,12,0.041666666666666664
8/17/2008,13,0.01282051282051282
8/17/2008,14,0.01282051282051282
8/17/2008,15,0.01282051282051282
8/17/2008,16,0.10256410256410256
8/17/2008,17,0.2564102564102564
8/17/2008,18,0.5641025641025641
8/17/2008,19,0.01282051282051282
8/17/2008,20,0.041666666666666664
8/17/2008,21,0.041666666666666664
8/17/2008,22,0.02564102564102564
8/17/2008,23,0.041666666666666664
8/17/2008,24,0.041666666666666664
8/18/2008,1,0.041666666666666664
8/18/2008,2,0.041666666666666664
8/18/2008,3,0.041666666666666664
8/18/2008,4,0.041666666666666664
8/18/2008,5,0.041666666666666664
8/18/2008,6,0.041666666666666664
8/18/2008,7,0.041666666666666664
8/18/2008,8,0.041666666666666664
8/18/2008,9,0.041666666666666664
8/18/2008,10,0.041666666666666664
8/18/2008,11,0.041666666666666664
8/18/2008,12,0.005050505050505051
8/18/2008,13,0.041666666666666664
8/18/2008,14,0.015151515151515152
8/18/2008,15,0.07575757575757576
8/18/2008,16,0.08080808080808081
8/18/2008,17,0.1717171717171717
8/18/2008,18,0.5656565656565656
8/18/2008,19,0.050505050505050504
8/18/2008,20,0.041666666666666664
8/18/2008,21,0.025252525252525252
8/18/2008,22,0.010101010101010102
8/18/2008,23,0.041666666666666664
8/18/2008,24,0.041666666666666664
8/19/2008,1,0.041666666666666664
8/19/2008,2,0.041666666666666664
8/19/2008,3,0.041666666666666664
8/19/2008,4,0.041666666666666664
8/19/2008,5,0.041666666666666664
8/19/2008,6,0.041666666666666664
8/19/2008,7,0.041666666666666664
8/19/2008,8,0.041666666666666664
8/19/2008,9,0.041666666666666664
8/19/2008,10,0.041666666666666664
8/19/2008,11,0.041666666666666664
8/19/2008,12,0.005050505050505051
8/19/2008,13,0.041666666666666664
8/19/2008,14,0.015151515151515152
8/19/2008,15,0.07575757575757576
8/19/2008,16,0.08080808080808081
8/19/2008,17,0.1717171717171717
8/19/2008,18,0.5656565656565656
8/19/2008,19,0.050505050505050504
8/19/2008,20,0.041666666666666664
8/19/2008,21,0.025252525252525252
8/19/2008,22,0.010101010101010102
8/19/2008,23,0.041666666666666664
8/19/2008,24,0.041666666666666664
8/20/2008,1,0.041666666666666664
8/20/2008,2,0.041666666666666664
8/20/2008,3,0.041666666666666664
8/20/2008,4,0.041666666666666664
8/20/2008,5,0.041666666666666664
8/20/2008,6,0.041666666666666664
8/20/2008,7,0.041666666666666664
8/20/2008,8,0.041666666666666664
8/20/2008,9,0.041666666666666664
8/20/2008,10,0.041666666666666664
8/20/2008,11,0.041666666666666664
8/20/2008,12,0.005050505050505051
8/20/2008,13,0.041666666666666664
8/20/2008,14,0.015151515151515152
8/20/2008,15,0.07575757575757576
8/20/2008,16,0.08080808080808081
8/20/2008,17,0.1717171717171717
8/20/2008,18,0.5656565656565656
8/20/2008,19,0.050505050505050504
8/20/2008,20,0.041666666666666664
8/20/2008,21,0.025252525252525252
8/20/2008,22,0.010101010101010102
8/20/2008,23,0.041666666666666664
8/20/2008,24,0.041666666666666664
8/21/2008,1,0.041666666666666664
8/21/2008,2,0.041666666666666664
8/21/2008,3,0.041666666666666664
8/21/2008,4,0.041666666666666664
8/21/2008,5,0.041666666666666664
8/21/2008,6,0.041666666666666664
8/21/2008,7,0.041666666666666664
8/21/2008,8,0.041666666666666664
8/21/2008,9,0.041666666666666664
8/21/2008,10,0.041666666666666664
8/21/2008,11,0.041666666666666664
8/21/2008,12,0.005050505050505051
8/21/2008,13,0.041666666666666664
8/21/2008,14,0.015151515151515152
8/21/2008,15,0.07575757575757576
8/21/2008,16,0.08080808080808081
8/21/2008,17,0.1717171717171717
8/21/2008,18,0.5656565656565656
8/21/2008,19,0.050505050505050504
8/21/2008,20,0.041666666666666664
8/21/2008,21,0.025252525252525252
8/21/2008,22,0.010101010101010102
8/21/2008,23,0.041666666666666664
8/21/2008,24,0.041666666666666664
8/22/2008,1,0.041666666666666664
8/22/2008,2,0.041666666666666664
8/22/2008,3,0.041666666666666664
8/22/2008,4,0.041666666666666664
8/22/2008,5,0.041666666666666664
8/22/2008,6,0.041666666666666664
8/22/2008,7,0.041666666666666664
8/22/2008,8,0.041666666666666664
8/22/2008,9,0.041666666666666664
8/22/2008,10,0.041666666666666664
8/22/2008,11,0.041666666666666664
8/22/2008,12,0.005050505050505051
8/22/2008,13,0.041666666666666664
8/22/2008,14,0.015151515151515152
8/22/2008,15,0.07575757575757576
8/22/2008,16,0.08080808080808081
8/22/2008,17,0.1717171717171717
8/22/2008,18,0.5656565656565656
8/22/2008,19,0.050505050505050504
8/22/2008,20,0.041666666666666664
8/22/2008,21,0.025252525252525252
8/22/2008,22,0.010101010101010102
8/22/2008,23,0.041666666666666664
8/22/2008,24,0.041666666666666664
8/23/2008,1,0.041666666666666664
8/23/2008,2,0.041666666666666664
8/23/2008,3,0.041666666666666664
8/23/2008,4,0.041666666666666664
8/23/2008,5,0.041666666666666664
8/23/2008,6,0.041666666666666664
8/23/2008,7,0.041666666666666664
8/23/2008,8,0.041666666666666664
8/23/2008,9,0.041666666666666664
8/23/2008,10,0.041666666666666664
8/23/2008,11,0.041666666666666664
8/23/2008,12,0.041666666666666664
8/23/2008,13,0.01282051282051282
8/23/2008,14,0.01282051282051282
8/23/2008,15,0.01282051282051282
8/23/2008,16,0.10256410256410256
8/23/2008,17,0.2564102564102564
8/23/2008,18,0.5641025641025641
8/23/2008,19,0.01282051282051282
8/23/2008,20,0.041666666666666664
8/23/2008,21,0.041666666666666664
8/23/2008,22,0.02564102564102564
8/23/2008,23,0.041666666666666664
8/23/2008,24,0.041666666666666664
8/24/2008,1,0.041666666666666664
8/24/2008,2,0.041666666666666664
8/24/2008,3,0.041666666666666664
8/24/2008,4,0.041666666666666664
8/24/2008,5,0.041666666666666664
8/24/2008,6,0.041666666666666664
8/24/2008,7,0.041666666666666664
8/24/2008,8,0.041666666666666664
8/24/2008,9,0.041666666666666664
8/24/2008,10,0.041666666666666664
8/24/2008,11,0.041666666666666664
8/24/2008,12,0.041666666666666664
8/24/2008,13,0.01282051282051282
8/24/2008,14,0.01282051282051282
8/24/2008,15,0.01282051282051282
8/24/2008,16,0.10256410256410256
8/24/2008,17,0.2564102564102564
8/24/2008,18,0.5641025641025641
8/24/2008,19,0.01282051282051282
8/24/2008,20,0.041666666666666664
8/24/2008,21,0.041666666666666664
8/24/2008,22,0.02564102564102564
8/24/2008,23,0.041666666666666664
8/24/2008,24,0.041666666666666664
8/25/2008,1,0.041666666666666664
8/25/2008,2,0.041666666666666664
8/25/2008,3,0.041666666666666664
8/25/2008,4,0.041666666666666664
8/25/2008,5,0.041666666666666664
8/25/2008,6,0.041666666666666664
8/25/2008,7,0.041666666666666664
8/25/2008,8,0.041666666666666664
8/25/2008,9,0.041666666666666664
8/25/2008,10,0.041666666666666664
8/25/2008,11,0.041666666666666664
8/25/2008,12,0.005050505050505051
8/25/2008,13,0.041666666666666664
8/25/2008,14,0.015151515151515152
8/25/2008,15,0.07575757575757576
8/25/2008,16,0.08080808080808081
8/25/2008,17,0.1717171717171717
8/25/2008,18,0.5656565656565656
8/25/2008,19,0.050505050505050504
8/25/2008,20,0.041666666666666664
8/25/2008,21,0.025252525252525252
8/25/2008,22,0.010101010101010102
8/25/2008,23,0.041666666666666664
8/25/2008,24,0.041666666666666664
8/26/2008,1,0.041666666666666664
8/26/2008,2,0.041666666666666664
8/26/2008,3,0.041666666666666664
8/26/2008,4,0.041666666666666664
8/26/2008,5,0.041666666666666664
8/26/2008,6,0.041666666666666664
8/26/2008,7,0.041666666666666664
8/26/2008,8,0.041666666666666664
8/26/2008,9,0.041666666666666664
8/26/2008,10,0.041666666666666664
8/26/2008,11,0.041666666666666664
8/26/2008,12,0.005050505050505051
8/26/2008,13,0.041666666666666664
8/26/2008,14,0.015151515151515152
8/26/2008,15,0.07575757575757576
8/26/2008,16,0.08080808080808081
8/26/2008,17,0.1717171717171717
8/26/2008,18,0.5656565656565656
8/26/2008,19,0.050505050505050504
8/26/2008,20,0.041666666666666664
8/26/2008,21,0.025252525252525252
8/26/2008,22,0.010101010101010102
8/26/2008,23,0.041666666666666664
8/26/2008,24,0.041666666666666664
8/27/2008,1,0.041666666666666664
8/27/2008,2,0.041666666666666664
8/27/2008,3,0.041666666666666664
8/27/2008,4,0.041666666666666664
8/27/2008,5,0.041666666666666664
8/27/2008,6,0.041666666666666664
8/27/2008,7,0.041666666666666664
8/27/2008,8,0.041666666666666664
8/27/2008,9,0.041666666666666664
8/27/2008,10,0.041666666666666664
8/27/2008,11,0.041666666666666664
8/27/2008,12,0.005050505050505051
8/27/2008,13,0.041666666666666664
8/27/2008,14,0.015151515151515152
8/27/2008,15,0.07575757575757576
8/27/2008,16,0.08080808080808081
8/27/2008,17,0.1717171717171717
8/27/2008,18,0.5656565656565656
8/27/2008,19,0.050505050505050504
8/27/2008,20,0.041666666666666664
8/27/2008,21,0.025252525252525252
8/27/2008,22,0.010101010101010102
8/27/2008,23,0.041666666666666664
8/27/2008,24,0.041666666666666664
8/28/2008,1,0.041666666666666664
8/28/2008,2,0.041666666666666664
8/28/2008,3,0.041666666666666664
8/28/2008,4,0.041666666666666664
8/28/2008,5,0.041666666666666664
8/28/2008,6,0.041666666666666664
8/28/2008,7,0.041666666666666664
8/28/2008,8,0.041666666666666664
8/28/2008,9,0.041666666666666664
8/28/2008,10,0.041666666666666664
8/28/2008,11,0.041666666666666664
8/28/2008,12,0.005050505050505051
8/28/2008,13,0.041666666666666664
8/28/2008,14,0.015151515151515152
8/28/2008,15,0.07575757575757576
8/28/2008,16,0.08080808080808081
8/28/2008,17,0.1717171717171717
8/28/2008,18,0.5656565656565656
8/28/2008,19,0.050505050505050504
8/28/2008,20,0.041666666666666664
8/28/2008,21,0.025252525252525252
8/28/2008,22,0.010101010101010102
8/28/2008,23,0.041666666666666664
8/28/2008,24,0.041666666666666664
8/29/2008,1,0.041666666666666664
8/29/2008,2,0.041666666666666664
8/29/2008,3,0.041666666666666664
8/29/2008,4,0.041666666666666664
8/29/2008,5,0.041666666666666664
8/29/2008,6,0.041666666666666664
8/29/2008,7,0.041666666666666664
8/29/2008,8,0.041666666666666664
8/29/2008,9,0.041666666666666664
8/29/2008,10,0.041666666666666664
8/29/2008,11,0.041666666666666664
8/29/2008,12,0.005050505050505051
8/29/2008,13,0.041666666666666664
8/29/2008,14,0.015151515151515152
8/29/2008,15,0.07575757575757576
8/29/2008,16,0.08080808080808081
8/29/2008,17,0.1717171717171717
8/29/2008,18,0.5656565656565656
8/29/2008,19,0.050505050505050504
8/29/2008,20,0.041666666666666664
8/29/2008,21,0.025252525252525252
8/29/2008,22,0.010101010101010102
8/29/2008,23,0.041666666666666664
8/29/2008,24,0.041666666666666664
8/30/2008,1,0.041666666666666664
8/30/2008,2,0.041666666666666664
8/30/2008,3,0.041666666666666664
8/30/2008,4,0.041666666666666664
8/30/2008,5,0.041666666666666664
8/30/2008,6,0.041666666666666664
8/30/2008,7,0.041666666666666664
8/30/2008,8,0.041666666666666664
8/30/2008,9,0.041666666666666664
8/30/2008,10,0.041666666666666664
8/30/2008,11,0.041666666666666664
8/30/2008,12,0.041666666666666664
8/30/2008,13,0.01282051282051282
8/30/2008,14,0.01282051282051282
8/30/2008,15,0.01282051282051282
8/30/2008,16,0.10256410256410256
8/30/2008,17,0.2564102564102564
8/30/2008,18,0.5641025641025641
8/30/2008,19,0.01282051282051282
8/30/2008,20,0.041666666666666664
8/30/2008,21,0.041666666666666664
8/30/2008,22,0.02564102564102564
8/30/2008,23,0.041666666666666664
8/30/2008,24,0.041666666666666664
8/31/2008,1,0.041666666666666664
8/31/2008,2,0.041666666666666664
8/31/2008,3,0.041666666666666664
8/31/2008,4,0.041666666666666664
8/31/2008,5,0.041666666666666664
8/31/2008,6,0.041666666666666664
8/31/2008,7,0.041666666666666664
8/31/2008,8,0.041666666666666664
8/31/2008,9,0.041666666666666664
8/31/2008,10,0.041666666666666664
8/31/2008,11,0.041666666666666664
8/31/2008,12,0.041666666666666664
8/31/2008,13,0.01282051282051282
8/31/2008,14,0.01282051282051282
8/31/2008,15,0.01282051282051282
8/31/2008,16,0.10256410256410256
8/31/2008,17,0.2564102564102564
8/31/2008,18,0.5641025641025641
8/31/2008,19,0.01282051282051282
8/31/2008,20,0.041666666666666664
8/31/2008,21,0.041666666666666664
8/31/2008,22,0.02564102564102564
8/31/2008,23,0.041666666666666664
8/31/2008,24,0.041666666666666664
9/1/2008,1,0.041666666666666664
9/1/2008,2,0.041666666666666664
9/1/2008,3,0.041666666666666664
9/1/2008,4,0.041666666666666664
9/1/2008,5,0.041666666666666664
9/1/2008,6,0.041666666666666664
9/1/2008,7,0.09230769230769231
9/1/2008,8,0.14871794871794872
9/1/2008,9,0.041666666666666664
9/1/2008,10,0.010256410256410256
9/1/2008,11,0.005128205128205128
9/1/2008,12,0.041666666666666664
9/1/2008,13,0.041666666666666664
9/1/2008,14,0.005128205128205128
9/1/2008,15,0.005128205128205128
9/1/2008,16,0.005128205128205128
9/1/2008,17,0.07692307692307693
9/1/2008,18,0.19487179487179487
9/1/2008,19,0.07692307692307693
9/1/2008,20,0.23076923076923078
9/1/2008,21,0.14871794871794872
9/1/2008,22,0.041666666666666664
9/1/2008,23,0.041666666666666664
9/1/2008,24,0.041666666666666664
9/2/2008,1,0.041666666666666664
9/2/2008,2,0.041666666666666664
9/2/2008,3,0.041666666666666664
9/2/2008,4,0.041666666666666664
9/2/2008,5,0.041666666666666664
9/2/2008,6,0.041666666666666664
9/2/2008,7,0.09230769230769231
9/2/2008,8,0.14871794871794872
9/2/2008,9,0.041666666666666664
9/2/2008,10,0.010256410256410256
9/2/2008,11,0.005128205128205128
9/2/2008,12,0.041666666666666664
9/2/2008,13,0.041666666666666664
9/2/2008,14,0.005128205128205128
9/2/2008,15,0.005128205128205128
9/2/2008,16,0.005128205128205128
9/2/2008,17,0.07692307692307693
9/2/2008,18,0.19487179487179487
9/2/2008,19,0.07692307692307693
9/2/2008,20,0.23076923076923078
9/2/2008,21,0.14871794871794872
9/2/2008,22,0.041666666666666664
9/2/2008,23,0.041666666666666664
9/2/2008,24,0.041666666666666664
9/3/2008,1,0.041666666666666664
9/3/2008,2,0.041666666666666664
9/3/2008,3,0.041666666666666664
9/3/2008,4,0.041666666666666664
9/3/2008,5,0.041666666666666664
9/3/2008,6,0.041666666666666664
9/3/2008,7,0.09230769230769231
9/3/2008,8,0.14871794871794872
9/3/2008,9,0.041666666666666664
9/3/2008,10,0.010256410256410256
9/3/2008,11,0.005128205128205128
9/3/2008,12,0.041666666666666664
9/3/2008,13,0.041666666666666664
9/3/2008,14,0.005128205128205128
9/3/2008,15,0.005128205128205128
9/3/2008,16,0.005128205128205128
9/3/2008,17,0.07692307692307693
9/3/2008,18,0.19487179487179487
9/3/2008,19,0.07692307692307693
9/3/2008,20,0.23076923076923078
9/3/2008,21,0.14871794871794872
9/3/2008,22,0.041666666666666664
9/3/2008,23,0.041666666666666664
9/3/2008,24,0.041666666666666664
9/4/2008,1,0.041666666666666664
9/4/2008,2,0.041666666666666664
9/4/2008,3,0.041666666666666664
9/4/2008,4,0.041666666666666664
9/4/2008,5,0.041666666666666664
9/4/2008,6,0.041666666666666664
9/4/2008,7,0.09230769230769231
9/4/2008,8,0.14871794871794872
9/4/2008,9,0.041666666666666664
9/4/2008,10,0.010256410256410256
9/4/2008,11,0.005128205128205128
9/4/2008,12,0.041666666666666664
9/4/2008,13,0.041666666666666664
9/4/2008,14,0.005128205128205128
9/4/2008,15,0.005128205128205128
9/4/2008,16,0.005128205128205128
9/4/2008,17,0.07692307692307693
9/4/2008,18,0.19487179487179487
9/4/2008,19,0.07692307692307693
9/4/2008,20,0.23076923076923078
9/4/2008,21,0.14871794871794872
9/4/2008,22,0.041666666666666664
9/4/2008,23,0.041666666666666664
9/4/2008,24,0.041666666666666664
9/5/2008,1,0.041666666666666664
9/5/2008,2,0.041666666666666664
9/5/2008,3,0.041666666666666664
9/5/2008,4,0.041666666666666664
9/5/2008,5,0.041666666666666664
9/5/2008,6,0.041666666666666664
9/5/2008,7,0.09230769230769231
9/5/2008,8,0.14871794871794872
9/5/2008,9,0.041666666666666664
9/5/2008,10,0.010256410256410256
9/5/2008,11,0.005128205128205128
9/5/2008,12,0.041666666666666664
9/5/2008,13,0.041666666666666664
9/5/2008,14,0.005128205128205128
9/5/2008,15,0.005128205128205128
9/5/2008,16,0.005128205128205128
9/5/2008,17,0.07692307692307693
9/5/2008,18,0.19487179487179487
9/5/2008,19,0.07692307692307693
9/5/2008,20,0.23076923076923078
9/5/2008,21,0.14871794871794872
9/5/2008,22,0.041666666666666664
9/5/2008,23,0.041666666666666664
9/5/2008,24,0.041666666666666664
9/6/2008,1,0.041666666666666664
9/6/2008,2,0.041666666666666664
9/6/2008,3,0.041666666666666664
9/6/2008,4,0.041666666666666664
9/6/2008,5,0.041666666666666664
9/6/2008,6,0.041666666666666664
9/6/2008,7,0.041666666666666664
9/6/2008,8,0.11538461538461539
9/6/2008,9,0.1794871794871795
9/6/2008,10,0.041666666666666664
9/6/2008,11,0.041666666666666664
9/6/2008,12,0.041666666666666664
9/6/2008,13,0.041666666666666664
9/6/2008,14,0.041666666666666664
9/6/2008,15,0.041666666666666664
9/6/2008,16,0.038461538461538464
9/6/2008,17,0.24358974358974358
9/6/2008,18,0.10256410256410256
9/6/2008,19,0.0641025641025641
9/6/2008,20,0.10256410256410256
9/6/2008,21,0.15384615384615385
9/6/2008,22,0.041666666666666664
9/6/2008,23,0.041666666666666664
9/6/2008,24,0.041666666666666664
9/7/2008,1,0.041666666666666664
9/7/2008,2,0.041666666666666664
9/7/2008,3,0.041666666666666664
9/7/2008,4,0.041666666666666664
9/7/2008,5,0.041666666666666664
9/7/2008,6,0.041666666666666664
9/7/2008,7,0.041666666666666664
9/7/2008,8,0.11538461538461539
9/7/2008,9,0.1794871794871795
9/7/2008,10,0.041666666666666664
9/7/2008,11,0.041666666666666664
9/7/2008,12,0.041666666666666664
9/7/2008,13,0.041666666666666664
9/7/2008,14,0.041666666666666664
9/7/2008,15,0.041666666666666664
9/7/2008,16,0.038461538461538464
9/7/2008,17,0.24358974358974358
9/7/2008,18,0.10256410256410256
9/7/2008,19,0.0641025641025641
9/7/2008,20,0.10256410256410256
9/7/2008,21,0.15384615384615385
9/7/2008,22,0.041666666666666664
9/7/2008,23,0.041666666666666664
9/7/2008,24,0.041666666666666664
9/8/2008,1,0.041666666666666664
9/8/2008,2,0.041666666666666664
9/8/2008,3,0.041666666666666664
9/8/2008,4,0.041666666666666664
9/8/2008,5,0.041666666666666664
9/8/2008,6,0.041666666666666664
9/8/2008,7,0.09230769230769231
9/8/2008,8,0.14871794871794872
9/8/2008,9,0.041666666666666664
9/8/2008,10,0.010256410256410256
9/8/2008,11,0.005128205128205128
9/8/2008,12,0.041666666666666664
9/8/2008,13,0.041666666666666664
9/8/2008,14,0.005128205128205128
9/8/2008,15,0.005128205128205128
9/8/2008,16,0.005128205128205128
9/8/2008,17,0.07692307692307693
9/8/2008,18,0.19487179487179487
9/8/2008,19,0.07692307692307693
9/8/2008,20,0.23076923076923078
9/8/2008,21,0.14871794871794872
9/8/2008,22,0.041666666666666664
9/8/2008,23,0.041666666666666664
9/8/2008,24,0.041666666666666664
9/9/2008,1,0.041666666666666664
9/9/2008,2,0.041666666666666664
9/9/2008,3,0.041666666666666664
9/9/2008,4,0.041666666666666664
9/9/2008,5,0.041666666666666664
9/9/2008,6,0.041666666666666664
9/9/2008,7,0.09230769230769231
9/9/2008,8,0.14871794871794872
9/9/2008,9,0.041666666666666664
9/9/2008,10,0.010256410256410256
9/9/2008,11,0.005128205128205128
9/9/2008,12,0.041666666666666664
9/9/2008,13,0.041666666666666664
9/9/2008,14,0.005128205128205128
9/9/2008,15,0.005128205128205128
9/9/2008,16,0.005128205128205128
9/9/2008,17,0.07692307692307693
9/9/2008,18,0.19487179487179487
9/9/2008,19,0.07692307692307693
9/9/2008,20,0.23076923076923078
9/9/2008,21,0.14871794871794872
9/9/2008,22,0.041666666666666664
9/9/2008,23,0.041666666666666664
9/9/2008,24,0.041666666666666664
9/10/2008,1,0.041666666666666664
9/10/2008,2,0.041666666666666664
9/10/2008,3,0.041666666666666664
9/10/2008,4,0.041666666666666664
9/10/2008,5,0.041666666666666664
9/10/2008,6,0.041666666666666664
9/10/2008,7,0.09230769230769231
9/10/2008,8,0.14871794871794872
9/10/2008,9,0.041666666666666664
9/10/2008,10,0.010256410256410256
9/10/2008,11,0.005128205128205128
9/10/2008,12,0.041666666666666664
9/10/2008,13,0.041666666666666664
9/10/2008,14,0.005128205128205128
9/10/2008,15,0.005128205128205128
9/10/2008,16,0.005128205128205128
9/10/2008,17,0.07692307692307693
9/10/2008,18,0.19487179487179487
9/10/2008,19,0.07692307692307693
9/10/2008,20,0.23076923076923078
9/10/2008,21,0.14871794871794872
9/10/2008,22,0.041666666666666664
9/10/2008,23,0.041666666666666664
9/10/2008,24,0.041666666666666664
9/11/2008,1,0.041666666666666664
9/11/2008,2,0.041666666666666664
9/11/2008,3,0.041666666666666664
9/11/2008,4,0.041666666666666664
9/11/2008,5,0.041666666666666664
9/11/2008,6,0.041666666666666664
9/11/2008,7,0.09230769230769231
9/11/2008,8,0.14871794871794872
9/11/2008,9,0.041666666666666664
9/11/2008,10,0.010256410256410256
9/11/2008,11,0.005128205128205128
9/11/2008,12,0.041666666666666664
9/11/2008,13,0.041666666666666664
9/11/2008,14,0.005128205128205128
9/11/2008,15,0.005128205128205128
9/11/2008,16,0.005128205128205128
9/11/2008,17,0.07692307692307693
9/11/2008,18,0.19487179487179487
9/11/2008,19,0.07692307692307693
9/11/2008,20,0.23076923076923078
9/11/2008,21,0.14871794871794872
9/11/2008,22,0.041666666666666664
9/11/2008,23,0.041666666666666664
9/11/2008,24,0.041666666666666664
9/12/2008,1,0.041666666666666664
9/12/2008,2,0.041666666666666664
9/12/2008,3,0.041666666666666664
9/12/2008,4,0.041666666666666664
9/12/2008,5,0.041666666666666664
9/12/2008,6,0.041666666666666664
9/12/2008,7,0.09230769230769231
9/12/2008,8,0.14871794871794872
9/12/2008,9,0.041666666666666664
9/12/2008,10,0.010256410256410256
9/12/2008,11,0.005128205128205128
9/12/2008,12,0.041666666666666664
9/12/2008,13,0.041666666666666664
9/12/2008,14,0.005128205128205128
9/12/2008,15,0.005128205128205128
9/12/2008,16,0.005128205128205128
9/12/2008,17,0.07692307692307693
9/12/2008,18,0.19487179487179487
9/12/2008,19,0.07692307692307693
9/12/2008,20,0.23076923076923078
9/12/2008,21,0.14871794871794872
9/12/2008,22,0.041666666666666664
9/12/2008,23,0.041666666666666664
9/12/2008,24,0.041666666666666664
9/13/2008,1,0.041666666666666664
9/13/2008,2,0.041666666666666664
9/13/2008,3,0.041666666666666664
9/13/2008,4,0.041666666666666664
9/13/2008,5,0.041666666666666664
9/13/2008,6,0.041666666666666664
9/13/2008,7,0.041666666666666664
9/13/2008,8,0.11538461538461539
9/13/2008,9,0.1794871794871795
9/13/2008,10,0.041666666666666664
9/13/2008,11,0.041666666666666664
9/13/2008,12,0.041666666666666664
9/13/2008,13,0.041666666666666664
9/13/2008,14,0.041666666666666664
9/13/2008,15,0.041666666666666664
9/13/2008,16,0.038461538461538464
9/13/2008,17,0.24358974358974358
9/13/2008,18,0.10256410256410256
9/13/2008,19,0.0641025641025641
9/13/2008,20,0.10256410256410256
9/13/2008,21,0.15384615384615385
9/13/2008,22,0.041666666666666664
9/13/2008,23,0.041666666666666664
9/13/2008,24,0.041666666666666664
9/14/2008,1,0.041666666666666664
9/14/2008,2,0.041666666666666664
9/14/2008,3,0.041666666666666664
9/14/2008,4,0.041666666666666664
9/14/2008,5,0.041666666666666664
9/14/2008,6,0.041666666666666664
9/14/2008,7,0.041666666666666664
9/14/2008,8,0.11538461538461539
9/14/2008,9,0.1794871794871795
9/14/2008,10,0.041666666666666664
9/14/2008,11,0.041666666666666664
9/14/2008,12,0.041666666666666664
9/14/2008,13,0.041666666666666664
9/14/2008,14,0.041666666666666664
9/14/2008,15,0.041666666666666664
9/14/2008,16,0.038461538461538464
9/14/2008,17,0.24358974358974358
9/14/2008,18,0.10256410256410256
9/14/2008,19,0.0641025641025641
9/14/2008,20,0.10256410256410256
9/14/2008,21,0.15384615384615385
9/14/2008,22,0.041666666666666664
9/14/2008,23,0.041666666666666664
9/14/2008,24,0.041666666666666664
9/15/2008,1,0.041666666666666664
9/15/2008,2,0.041666666666666664
9/15/2008,3,0.041666666666666664
9/15/2008,4,0.041666666666666664
9/15/2008,5,0.041666666666666664
9/15/2008,6,0.041666666666666664
9/15/2008,7,0.09230769230769231
9/15/2008,8,0.14871794871794872
9/15/2008,9,0.041666666666666664
9/15/2008,10,0.010256410256410256
9/15/2008,11,0.005128205128205128
9/15/2008,12,0.041666666666666664
9/15/2008,13,0.041666666666666664
9/15/2008,14,0.005128205128205128
9/15/2008,15,0.005128205128205128
9/15/2008,16,0.005128205128205128
9/15/2008,17,0.07692307692307693
9/15/2008,18,0.19487179487179487
9/15/2008,19,0.07692307692307693
9/15/2008,20,0.23076923076923078
9/15/2008,21,0.14871794871794872
9/15/2008,22,0.041666666666666664
9/15/2008,23,0.041666666666666664
9/15/2008,24,0.041666666666666664
9/16/2008,1,0.041666666666666664
9/16/2008,2,0.041666666666666664
9/16/2008,3,0.041666666666666664
9/16/2008,4,0.041666666666666664
9/16/2008,5,0.041666666666666664
9/16/2008,6,0.041666666666666664
9/16/2008,7,0.09230769230769231
9/16/2008,8,0.14871794871794872
9/16/2008,9,0.041666666666666664
9/16/2008,10,0.010256410256410256
9/16/2008,11,0.005128205128205128
9/16/2008,12,0.041666666666666664
9/16/2008,13,0.041666666666666664
9/16/2008,14,0.005128205128205128
9/16/2008,15,0.005128205128205128
9/16/2008,16,0.005128205128205128
9/16/2008,17,0.07692307692307693
9/16/2008,18,0.19487179487179487
9/16/2008,19,0.07692307692307693
9/16/2008,20,0.23076923076923078
9/16/2008,21,0.14871794871794872
9/16/2008,22,0.041666666666666664
9/16/2008,23,0.041666666666666664
9/16/2008,24,0.041666666666666664
9/17/2008,1,0.041666666666666664
9/17/2008,2,0.041666666666666664
9/17/2008,3,0.041666666666666664
9/17/2008,4,0.041666666666666664
9/17/2008,5,0.041666666666666664
9/17/2008,6,0.041666666666666664
9/17/2008,7,0.09230769230769231
9/17/2008,8,0.14871794871794872
9/17/2008,9,0.041666666666666664
9/17/2008,10,0.010256410256410256
9/17/2008,11,0.005128205128205128
9/17/2008,12,0.041666666666666664
9/17/2008,13,0.041666666666666664
9/17/2008,14,0.005128205128205128
9/17/2008,15,0.005128205128205128
9/17/2008,16,0.005128205128205128
9/17/2008,17,0.07692307692307693
9/17/2008,18,0.19487179487179487
9/17/2008,19,0.07692307692307693
9/17/2008,20,0.23076923076923078
9/17/2008,21,0.14871794871794872
9/17/2008,22,0.041666666666666664
9/17/2008,23,0.041666666666666664
9/17/2008,24,0.041666666666666664
9/18/2008,1,0.041666666666666664
9/18/2008,2,0.041666666666666664
9/18/2008,3,0.041666666666666664
9/18/2008,4,0.041666666666666664
9/18/2008,5,0.041666666666666664
9/18/2008,6,0.041666666666666664
9/18/2008,7,0.09230769230769231
9/18/2008,8,0.14871794871794872
9/18/2008,9,0.041666666666666664
9/18/2008,10,0.010256410256410256
9/18/2008,11,0.005128205128205128
9/18/2008,12,0.041666666666666664
9/18/2008,13,0.041666666666666664
9/18/2008,14,0.005128205128205128
9/18/2008,15,0.005128205128205128
9/18/2008,16,0.005128205128205128
9/18/2008,17,0.07692307692307693
9/18/2008,18,0.19487179487179487
9/18/2008,19,0.07692307692307693
9/18/2008,20,0.23076923076923078
9/18/2008,21,0.14871794871794872
9/18/2008,22,0.041666666666666664
9/18/2008,23,0.041666666666666664
9/18/2008,24,0.041666666666666664
9/19/2008,1,0.041666666666666664
9/19/2008,2,0.041666666666666664
9/19/2008,3,0.041666666666666664
9/19/2008,4,0.041666666666666664
9/19/2008,5,0.041666666666666664
9/19/2008,6,0.041666666666666664
9/19/2008,7,0.09230769230769231
9/19/2008,8,0.14871794871794872
9/19/2008,9,0.041666666666666664
9/19/2008,10,0.010256410256410256
9/19/2008,11,0.005128205128205128
9/19/2008,12,0.041666666666666664
9/19/2008,13,0.041666666666666664
9/19/2008,14,0.005128205128205128
9/19/2008,15,0.005128205128205128
9/19/2008,16,0.005128205128205128
9/19/2008,17,0.07692307692307693
9/19/2008,18,0.19487179487179487
9/19/2008,19,0.07692307692307693
9/19/2008,20,0.23076923076923078
9/19/2008,21,0.14871794871794872
9/19/2008,22,0.041666666666666664
9/19/2008,23,0.041666666666666664
9/19/2008,24,0.041666666666666664
9/20/2008,1,0.041666666666666664
9/20/2008,2,0.041666666666666664
9/20/2008,3,0.041666666666666664
9/20/2008,4,0.041666666666666664
9/20/2008,5,0.041666666666666664
9/20/2008,6,0.041666666666666664
9/20/2008,7,0.041666666666666664
9/20/2008,8,0.11538461538461539
9/20/2008,9,0.1794871794871795
9/20/2008,10,0.041666666666666664
9/20/2008,11,0.041666666666666664
9/20/2008,12,0.041666666666666664
9/20/2008,13,0.041666666666666664
9/20/2008,14,0.041666666666666664
9/20/2008,15,0.041666666666666664
9/20/2008,16,0.038461538461538464
9/20/2008,17,0.24358974358974358
9/20/2008,18,0.10256410256410256
9/20/2008,19,0.0641025641025641
9/20/2008,20,0.10256410256410256
9/20/2008,21,0.15384615384615385
9/20/2008,22,0.041666666666666664
9/20/2008,23,0.041666666666666664
9/20/2008,24,0.041666666666666664
9/21/2008,1,0.041666666666666664
9/21/2008,2,0.041666666666666664
9/21/2008,3,0.041666666666666664
9/21/2008,4,0.041666666666666664
9/21/2008,5,0.041666666666666664
9/21/2008,6,0.041666666666666664
9/21/2008,7,0.041666666666666664
9/21/2008,8,0.11538461538461539
9/21/2008,9,0.1794871794871795
9/21/2008,10,0.041666666666666664
9/21/2008,11,0.041666666666666664
9/21/2008,12,0.041666666666666664
9/21/2008,13,0.041666666666666664
9/21/2008,14,0.041666666666666664
9/21/2008,15,0.041666666666666664
9/21/2008,16,0.038461538461538464
9/21/2008,17,0.24358974358974358
9/21/2008,18,0.10256410256410256
9/21/2008,19,0.0641025641025641
9/21/2008,20,0.10256410256410256
9/21/2008,21,0.15384615384615385
9/21/2008,22,0.041666666666666664
9/21/2008,23,0.041666666666666664
9/21/2008,24,0.041666666666666664
9/22/2008,1,0.041666666666666664
9/22/2008,2,0.041666666666666664
9/22/2008,3,0.041666666666666664
9/22/2008,4,0.041666666666666664
9/22/2008,5,0.041666666666666664
9/22/2008,6,0.041666666666666664
9/22/2008,7,0.09230769230769231
9/22/2008,8,0.14871794871794872
9/22/2008,9,0.041666666666666664
9/22/2008,10,0.010256410256410256
9/22/2008,11,0.005128205128205128
9/22/2008,12,0.041666666666666664
9/22/2008,13,0.041666666666666664
9/22/2008,14,0.005128205128205128
9/22/2008,15,0.005128205128205128
9/22/2008,16,0.005128205128205128
9/22/2008,17,0.07692307692307693
9/22/2008,18,0.19487179487179487
9/22/2008,19,0.07692307692307693
9/22/2008,20,0.23076923076923078
9/22/2008,21,0.14871794871794872
9/22/2008,22,0.041666666666666664
9/22/2008,23,0.041666666666666664
9/22/2008,24,0.041666666666666664
9/23/2008,1,0.041666666666666664
9/23/2008,2,0.041666666666666664
9/23/2008,3,0.041666666666666664
9/23/2008,4,0.041666666666666664
9/23/2008,5,0.041666666666666664
9/23/2008,6,0.041666666666666664
9/23/2008,7,0.09230769230769231
9/23/2008,8,0.14871794871794872
9/23/2008,9,0.041666666666666664
9/23/2008,10,0.010256410256410256
9/23/2008,11,0.005128205128205128
9/23/2008,12,0.041666666666666664
9/23/2008,13,0.041666666666666664
9/23/2008,14,0.005128205128205128
9/23/2008,15,0.005128205128205128
9/23/2008,16,0.005128205128205128
9/23/2008,17,0.07692307692307693
9/23/2008,18,0.19487179487179487
9/23/2008,19,0.07692307692307693
9/23/2008,20,0.23076923076923078
9/23/2008,21,0.14871794871794872
9/23/2008,22,0.041666666666666664
9/23/2008,23,0.041666666666666664
9/23/2008,24,0.041666666666666664
9/24/2008,1,0.041666666666666664
9/24/2008,2,0.041666666666666664
9/24/2008,3,0.041666666666666664
9/24/2008,4,0.041666666666666664
9/24/2008,5,0.041666666666666664
9/24/2008,6,0.041666666666666664
9/24/2008,7,0.09230769230769231
9/24/2008,8,0.14871794871794872
9/24/2008,9,0.041666666666666664
9/24/2008,10,0.010256410256410256
9/24/2008,11,0.005128205128205128
9/24/2008,12,0.041666666666666664
9/24/2008,13,0.041666666666666664
9/24/2008,14,0.005128205128205128
9/24/2008,15,0.005128205128205128
9/24/2008,16,0.005128205128205128
9/24/2008,17,0.07692307692307693
9/24/2008,18,0.19487179487179487
9/24/2008,19,0.07692307692307693
9/24/2008,20,0.23076923076923078
9/24/2008,21,0.14871794871794872
9/24/2008,22,0.041666666666666664
9/24/2008,23,0.041666666666666664
9/24/2008,24,0.041666666666666664
9/25/2008,1,0.041666666666666664
9/25/2008,2,0.041666666666666664
9/25/2008,3,0.041666666666666664
9/25/2008,4,0.041666666666666664
9/25/2008,5,0.041666666666666664
9/25/2008,6,0.041666666666666664
9/25/2008,7,0.09230769230769231
9/25/2008,8,0.14871794871794872
9/25/2008,9,0.041666666666666664
9/25/2008,10,0.010256410256410256
9/25/2008,11,0.005128205128205128
9/25/2008,12,0.041666666666666664
9/25/2008,13,0.041666666666666664
9/25/2008,14,0.005128205128205128
9/25/2008,15,0.005128205128205128
9/25/2008,16,0.005128205128205128
9/25/2008,17,0.07692307692307693
9/25/2008,18,0.19487179487179487
9/25/2008,19,0.07692307692307693
9/25/2008,20,0.23076923076923078
9/25/2008,21,0.14871794871794872
9/25/2008,22,0.041666666666666664
9/25/2008,23,0.041666666666666664
9/25/2008,24,0.041666666666666664
9/26/2008,1,0.041666666666666664
9/26/2008,2,0.041666666666666664
9/26/2008,3,0.041666666666666664
9/26/2008,4,0.041666666666666664
9/26/2008,5,0.041666666666666664
9/26/2008,6,0.041666666666666664
9/26/2008,7,0.09230769230769231
9/26/2008,8,0.14871794871794872
9/26/2008,9,0.041666666666666664
9/26/2008,10,0.010256410256410256
9/26/2008,11,0.005128205128205128
9/26/2008,12,0.041666666666666664
9/26/2008,13,0.041666666666666664
9/26/2008,14,0.005128205128205128
9/26/2008,15,0.005128205128205128
9/26/2008,16,0.005128205128205128
9/26/2008,17,0.07692307692307693
9/26/2008,18,0.19487179487179487
9/26/2008,19,0.07692307692307693
9/26/2008,20,0.23076923076923078
9/26/2008,21,0.14871794871794872
9/26/2008,22,0.041666666666666664
9/26/2008,23,0.041666666666666664
9/26/2008,24,0.041666666666666664
9/27/2008,1,0.041666666666666664
9/27/2008,2,0.041666666666666664
9/27/2008,3,0.041666666666666664
9/27/2008,4,0.041666666666666664
9/27/2008,5,0.041666666666666664
9/27/2008,6,0.041666666666666664
9/27/2008,7,0.041666666666666664
9/27/2008,8,0.11538461538461539
9/27/2008,9,0.1794871794871795
9/27/2008,10,0.041666666666666664
9/27/2008,11,0.041666666666666664
9/27/2008,12,0.041666666666666664
9/27/2008,13,0.041666666666666664
9/27/2008,14,0.041666666666666664
9/27/2008,15,0.041666666666666664
9/27/2008,16,0.038461538461538464
9/27/2008,17,0.24358974358974358
9/27/2008,18,0.10256410256410256
9/27/2008,19,0.0641025641025641
9/27/2008,20,0.10256410256410256
9/27/2008,21,0.15384615384615385
9/27/2008,22,0.041666666666666664
9/27/2008,23,0.041666666666666664
9/27/2008,24,0.041666666666666664
9/28/2008,1,0.041666666666666664
9/28/2008,2,0.041666666666666664
9/28/2008,3,0.041666666666666664
9/28/2008,4,0.041666666666666664
9/28/2008,5,0.041666666666666664
9/28/2008,6,0.041666666666666664
9/28/2008,7,0.041666666666666664
9/28/2008,8,0.11538461538461539
9/28/2008,9,0.1794871794871795
9/28/2008,10,0.041666666666666664
9/28/2008,11,0.041666666666666664
9/28/2008,12,0.041666666666666664
9/28/2008,13,0.041666666666666664
9/28/2008,14,0.041666666666666664
9/28/2008,15,0.041666666666666664
9/28/2008,16,0.038461538461538464
9/28/2008,17,0.24358974358974358
9/28/2008,18,0.10256410256410256
9/28/2008,19,0.0641025641025641
9/28/2008,20,0.10256410256410256
9/28/2008,21,0.15384615384615385
9/28/2008,22,0.041666666666666664
9/28/2008,23,0.041666666666666664
9/28/2008,24,0.041666666666666664
9/29/2008,1,0.041666666666666664
9/29/2008,2,0.041666666666666664
9/29/2008,3,0.041666666666666664
9/29/2008,4,0.041666666666666664
9/29/2008,5,0.041666666666666664
9/29/2008,6,0.041666666666666664
9/29/2008,7,0.09230769230769231
9/29/2008,8,0.14871794871794872
9/29/2008,9,0.041666666666666664
9/29/2008,10,0.010256410256410256
9/29/2008,11,0.005128205128205128
9/29/2008,12,0.041666666666666664
9/29/2008,13,0.041666666666666664
9/29/2008,14,0.005128205128205128
9/29/2008,15,0.005128205128205128
9/29/2008,16,0.005128205128205128
9/29/2008,17,0.07692307692307693
9/29/2008,18,0.19487179487179487
9/29/2008,19,0.07692307692307693
9/29/2008,20,0.23076923076923078
9/29/2008,21,0.14871794871794872
9/29/2008,22,0.041666666666666664
9/29/2008,23,0.041666666666666664
9/29/2008,24,0.041666666666666664
9/30/2008,1,0.041666666666666664
9/30/2008,2,0.041666666666666664
9/30/2008,3,0.041666666666666664
9/30/2008,4,0.041666666666666664
9/30/2008,5,0.041666666666666664
9/30/2008,6,0.041666666666666664
9/30/2008,7,0.09230769230769231
9/30/2008,8,0.14871794871794872
9/30/2008,9,0.041666666666666664
9/30/2008,10,0.010256410256410256
9/30/2008,11,0.005128205128205128
9/30/2008,12,0.041666666666666664
9/30/2008,13,0.041666666666666664
9/30/2008,14,0.005128205128205128
9/30/2008,15,0.005128205128205128
9/30/2008,16,0.005128205128205128
9/30/2008,17,0.07692307692307693
9/30/2008,18,0.19487179487179487
9/30/2008,19,0.07692307692307693
9/30/2008,20,0.23076923076923078
9/30/2008,21,0.14871794871794872
9/30/2008,22,0.041666666666666664
9/30/2008,23,0.041666666666666664
9/30/2008,24,0.041666666666666664
10/1/2008,1,0.041666666666666664
10/1/2008,2,0.041666666666666664
10/1/2008,3,0.041666666666666664
10/1/2008,4,0.041666666666666664
10/1/2008,5,0.041666666666666664
10/1/2008,6,0.041666666666666664
10/1/2008,7,0.09230769230769231
10/1/2008,8,0.14871794871794872
10/1/2008,9,0.041666666666666664
10/1/2008,10,0.010256410256410256
10/1/2008,11,0.005128205128205128
10/1/2008,12,0.041666666666666664
10/1/2008,13,0.041666666666666664
10/1/2008,14,0.005128205128205128
10/1/2008,15,0.005128205128205128
10/1/2008,16,0.005128205128205128
10/1/2008,17,0.07692307692307693
10/1/2008,18,0.19487179487179487
10/1/2008,19,0.07692307692307693
10/1/2008,20,0.23076923076923078
10/1/2008,21,0.14871794871794872
10/1/2008,22,0.041666666666666664
10/1/2008,23,0.041666666666666664
10/1/2008,24,0.041666666666666664
10/2/2008,1,0.041666666666666664
10/2/2008,2,0.041666666666666664
10/2/2008,3,0.041666666666666664
10/2/2008,4,0.041666666666666664
10/2/2008,5,0.041666666666666664
10/2/2008,6,0.041666666666666664
10/2/2008,7,0.09230769230769231
10/2/2008,8,0.14871794871794872
10/2/2008,9,0.041666666666666664
10/2/2008,10,0.010256410256410256
10/2/2008,11,0.005128205128205128
10/2/2008,12,0.041666666666666664
10/2/2008,13,0.041666666666666664
10/2/2008,14,0.005128205128205128
10/2/2008,15,0.005128205128205128
10/2/2008,16,0.005128205128205128
10/2/2008,17,0.07692307692307693
10/2/2008,18,0.19487179487179487
10/2/2008,19,0.07692307692307693
10/2/2008,20,0.23076923076923078
10/2/2008,21,0.14871794871794872
10/2/2008,22,0.041666666666666664
10/2/2008,23,0.041666666666666664
10/2/2008,24,0.041666666666666664
10/3/2008,1,0.041666666666666664
10/3/2008,2,0.041666666666666664
10/3/2008,3,0.041666666666666664
10/3/2008,4,0.041666666666666664
10/3/2008,5,0.041666666666666664
10/3/2008,6,0.041666666666666664
10/3/2008,7,0.09230769230769231
10/3/2008,8,0.14871794871794872
10/3/2008,9,0.041666666666666664
10/3/2008,10,0.010256410256410256
10/3/2008,11,0.005128205128205128
10/3/2008,12,0.041666666666666664
10/3/2008,13,0.041666666666666664
10/3/2008,14,0.005128205128205128
10/3/2008,15,0.005128205128205128
10/3/2008,16,0.005128205128205128
10/3/2008,17,0.07692307692307693
10/3/2008,18,0.19487179487179487
10/3/2008,19,0.07692307692307693
10/3/2008,20,0.23076923076923078
10/3/2008,21,0.14871794871794872
10/3/2008,22,0.041666666666666664
10/3/2008,23,0.041666666666666664
10/3/2008,24,0.041666666666666664
10/4/2008,1,0.041666666666666664
10/4/2008,2,0.041666666666666664
10/4/2008,3,0.041666666666666664
10/4/2008,4,0.041666666666666664
10/4/2008,5,0.041666666666666664
10/4/2008,6,0.041666666666666664
10/4/2008,7,0.041666666666666664
10/4/2008,8,0.11538461538461539
10/4/2008,9,0.1794871794871795
10/4/2008,10,0.041666666666666664
10/4/2008,11,0.041666666666666664
10/4/2008,12,0.041666666666666664
10/4/2008,13,0.041666666666666664
10/4/2008,14,0.041666666666666664
10/4/2008,15,0.041666666666666664
10/4/2008,16,0.038461538461538464
10/4/2008,17,0.24358974358974358
10/4/2008,18,0.10256410256410256
10/4/2008,19,0.0641025641025641
10/4/2008,20,0.10256410256410256
10/4/2008,21,0.15384615384615385
10/4/2008,22,0.041666666666666664
10/4/2008,23,0.041666666666666664
10/4/2008,24,0.041666666666666664
10/5/2008,1,0.041666666666666664
10/5/2008,2,0.041666666666666664
10/5/2008,3,0.041666666666666664
10/5/2008,4,0.041666666666666664
10/5/2008,5,0.041666666666666664
10/5/2008,6,0.041666666666666664
10/5/2008,7,0.041666666666666664
10/5/2008,8,0.11538461538461539
10/5/2008,9,0.1794871794871795
10/5/2008,10,0.041666666666666664
10/5/2008,11,0.041666666666666664
10/5/2008,12,0.041666666666666664
10/5/2008,13,0.041666666666666664
10/5/2008,14,0.041666666666666664
10/5/2008,15,0.041666666666666664
10/5/2008,16,0.038461538461538464
10/5/2008,17,0.24358974358974358
10/5/2008,18,0.10256410256410256
10/5/2008,19,0.0641025641025641
10/5/2008,20,0.10256410256410256
10/5/2008,21,0.15384615384615385
10/5/2008,22,0.041666666666666664
10/5/2008,23,0.041666666666666664
10/5/2008,24,0.041666666666666664
10/6/2008,1,0.041666666666666664
10/6/2008,2,0.041666666666666664
10/6/2008,3,0.041666666666666664
10/6/2008,4,0.041666666666666664
10/6/2008,5,0.041666666666666664
10/6/2008,6,0.041666666666666664
10/6/2008,7,0.09230769230769231
10/6/2008,8,0.14871794871794872
10/6/2008,9,0.041666666666666664
10/6/2008,10,0.010256410256410256
10/6/2008,11,0.005128205128205128
10/6/2008,12,0.041666666666666664
10/6/2008,13,0.041666666666666664
10/6/2008,14,0.005128205128205128
10/6/2008,15,0.005128205128205128
10/6/2008,16,0.005128205128205128
10/6/2008,17,0.07692307692307693
10/6/2008,18,0.19487179487179487
10/6/2008,19,0.07692307692307693
10/6/2008,20,0.23076923076923078
10/6/2008,21,0.14871794871794872
10/6/2008,22,0.041666666666666664
10/6/2008,23,0.041666666666666664
10/6/2008,24,0.041666666666666664
10/7/2008,1,0.041666666666666664
10/7/2008,2,0.041666666666666664
10/7/2008,3,0.041666666666666664
10/7/2008,4,0.041666666666666664
10/7/2008,5,0.041666666666666664
10/7/2008,6,0.041666666666666664
10/7/2008,7,0.09230769230769231
10/7/2008,8,0.14871794871794872
10/7/2008,9,0.041666666666666664
10/7/2008,10,0.010256410256410256
10/7/2008,11,0.005128205128205128
10/7/2008,12,0.041666666666666664
10/7/2008,13,0.041666666666666664
10/7/2008,14,0.005128205128205128
10/7/2008,15,0.005128205128205128
10/7/2008,16,0.005128205128205128
10/7/2008,17,0.07692307692307693
10/7/2008,18,0.19487179487179487
10/7/2008,19,0.07692307692307693
10/7/2008,20,0.23076923076923078
10/7/2008,21,0.14871794871794872
10/7/2008,22,0.041666666666666664
10/7/2008,23,0.041666666666666664
10/7/2008,24,0.041666666666666664
10/8/2008,1,0.041666666666666664
10/8/2008,2,0.041666666666666664
10/8/2008,3,0.041666666666666664
10/8/2008,4,0.041666666666666664
10/8/2008,5,0.041666666666666664
10/8/2008,6,0.041666666666666664
10/8/2008,7,0.09230769230769231
10/8/2008,8,0.14871794871794872
10/8/2008,9,0.041666666666666664
10/8/2008,10,0.010256410256410256
10/8/2008,11,0.005128205128205128
10/8/2008,12,0.041666666666666664
10/8/2008,13,0.041666666666666664
10/8/2008,14,0.005128205128205128
10/8/2008,15,0.005128205128205128
10/8/2008,16,0.005128205128205128
10/8/2008,17,0.07692307692307693
10/8/2008,18,0.19487179487179487
10/8/2008,19,0.07692307692307693
10/8/2008,20,0.23076923076923078
10/8/2008,21,0.14871794871794872
10/8/2008,22,0.041666666666666664
10/8/2008,23,0.041666666666666664
10/8/2008,24,0.041666666666666664
10/9/2008,1,0.041666666666666664
10/9/2008,2,0.041666666666666664
10/9/2008,3,0.041666666666666664
10/9/2008,4,0.041666666666666664
10/9/2008,5,0.041666666666666664
10/9/2008,6,0.041666666666666664
10/9/2008,7,0.09230769230769231
10/9/2008,8,0.14871794871794872
10/9/2008,9,0.041666666666666664
10/9/2008,10,0.010256410256410256
10/9/2008,11,0.005128205128205128
10/9/2008,12,0.041666666666666664
10/9/2008,13,0.041666666666666664
10/9/2008,14,0.005128205128205128
10/9/2008,15,0.005128205128205128
10/9/2008,16,0.005128205128205128
10/9/2008,17,0.07692307692307693
10/9/2008,18,0.19487179487179487
10/9/2008,19,0.07692307692307693
10/9/2008,20,0.23076923076923078
10/9/2008,21,0.14871794871794872
10/9/2008,22,0.041666666666666664
10/9/2008,23,0.041666666666666664
10/9/2008,24,0.041666666666666664
10/10/2008,1,0.041666666666666664
10/10/2008,2,0.041666666666666664
10/10/2008,3,0.041666666666666664
10/10/2008,4,0.041666666666666664
10/10/2008,5,0.041666666666666664
10/10/2008,6,0.041666666666666664
10/10/2008,7,0.09230769230769231
10/10/2008,8,0.14871794871794872
10/10/2008,9,0.041666666666666664
10/10/2008,10,0.010256410256410256
10/10/2008,11,0.005128205128205128
10/10/2008,12,0.041666666666666664
10/10/2008,13,0.041666666666666664
10/10/2008,14,0.005128205128205128
10/10/2008,15,0.005128205128205128
10/10/2008,16,0.005128205128205128
10/10/2008,17,0.07692307692307693
10/10/2008,18,0.19487179487179487
10/10/2008,19,0.07692307692307693
10/10/2008,20,0.23076923076923078
10/10/2008,21,0.14871794871794872
10/10/2008,22,0.041666666666666664
10/10/2008,23,0.041666666666666664
10/10/2008,24,0.041666666666666664
10/11/2008,1,0.041666666666666664
10/11/2008,2,0.041666666666666664
10/11/2008,3,0.041666666666666664
10/11/2008,4,0.041666666666666664
10/11/2008,5,0.041666666666666664
10/11/2008,6,0.041666666666666664
10/11/2008,7,0.041666666666666664
10/11/2008,8,0.11538461538461539
10/11/2008,9,0.1794871794871795
10/11/2008,10,0.041666666666666664
10/11/2008,11,0.041666666666666664
10/11/2008,12,0.041666666666666664
10/11/2008,13,0.041666666666666664
10/11/2008,14,0.041666666666666664
10/11/2008,15,0.041666666666666664
10/11/2008,16,0.038461538461538464
10/11/2008,17,0.24358974358974358
10/11/2008,18,0.10256410256410256
10/11/2008,19,0.0641025641025641
10/11/2008,20,0.10256410256410256
10/11/2008,21,0.15384615384615385
10/11/2008,22,0.041666666666666664
10/11/2008,23,0.041666666666666664
10/11/2008,24,0.041666666666666664
10/12/2008,1,0.041666666666666664
10/12/2008,2,0.041666666666666664
10/12/2008,3,0.041666666666666664
10/12/2008,4,0.041666666666666664
10/12/2008,5,0.041666666666666664
10/12/2008,6,0.041666666666666664
10/12/2008,7,0.041666666666666664
10/12/2008,8,0.11538461538461539
10/12/2008,9,0.1794871794871795
10/12/2008,10,0.041666666666666664
10/12/2008,11,0.041666666666666664
10/12/2008,12,0.041666666666666664
10/12/2008,13,0.041666666666666664
10/12/2008,14,0.041666666666666664
10/12/2008,15,0.041666666666666664
10/12/2008,16,0.038461538461538464
10/12/2008,17,0.24358974358974358
10/12/2008,18,0.10256410256410256
10/12/2008,19,0.0641025641025641
10/12/2008,20,0.10256410256410256
10/12/2008,21,0.15384615384615385
10/12/2008,22,0.041666666666666664
10/12/2008,23,0.041666666666666664
10/12/2008,24,0.041666666666666664
10/13/2008,1,0.041666666666666664
10/13/2008,2,0.041666666666666664
10/13/2008,3,0.041666666666666664
10/13/2008,4,0.041666666666666664
10/13/2008,5,0.041666666666666664
10/13/2008,6,0.041666666666666664
10/13/2008,7,0.09230769230769231
10/13/2008,8,0.14871794871794872
10/13/2008,9,0.041666666666666664
10/13/2008,10,0.010256410256410256
10/13/2008,11,0.005128205128205128
10/13/2008,12,0.041666666666666664
10/13/2008,13,0.041666666666666664
10/13/2008,14,0.005128205128205128
10/13/2008,15,0.005128205128205128
10/13/2008,16,0.005128205128205128
10/13/2008,17,0.07692307692307693
10/13/2008,18,0.19487179487179487
10/13/2008,19,0.07692307692307693
10/13/2008,20,0.23076923076923078
10/13/2008,21,0.14871794871794872
10/13/2008,22,0.041666666666666664
10/13/2008,23,0.041666666666666664
10/13/2008,24,0.041666666666666664
10/14/2008,1,0.041666666666666664
10/14/2008,2,0.041666666666666664
10/14/2008,3,0.041666666666666664
10/14/2008,4,0.041666666666666664
10/14/2008,5,0.041666666666666664
10/14/2008,6,0.041666666666666664
10/14/2008,7,0.09230769230769231
10/14/2008,8,0.14871794871794872
10/14/2008,9,0.041666666666666664
10/14/2008,10,0.010256410256410256
10/14/2008,11,0.005128205128205128
10/14/2008,12,0.041666666666666664
10/14/2008,13,0.041666666666666664
10/14/2008,14,0.005128205128205128
10/14/2008,15,0.005128205128205128
10/14/2008,16,0.005128205128205128
10/14/2008,17,0.07692307692307693
10/14/2008,18,0.19487179487179487
10/14/2008,19,0.07692307692307693
10/14/2008,20,0.23076923076923078
10/14/2008,21,0.14871794871794872
10/14/2008,22,0.041666666666666664
10/14/2008,23,0.041666666666666664
10/14/2008,24,0.041666666666666664
10/15/2008,1,0.041666666666666664
10/15/2008,2,0.041666666666666664
10/15/2008,3,0.041666666666666664
10/15/2008,4,0.041666666666666664
10/15/2008,5,0.041666666666666664
10/15/2008,6,0.041666666666666664
10/15/2008,7,0.09230769230769231
10/15/2008,8,0.14871794871794872
10/15/2008,9,0.041666666666666664
10/15/2008,10,0.010256410256410256
10/15/2008,11,0.005128205128205128
10/15/2008,12,0.041666666666666664
10/15/2008,13,0.041666666666666664
10/15/2008,14,0.005128205128205128
10/15/2008,15,0.005128205128205128
10/15/2008,16,0.005128205128205128
10/15/2008,17,0.07692307692307693
10/15/2008,18,0.19487179487179487
10/15/2008,19,0.07692307692307693
10/15/2008,20,0.23076923076923078
10/15/2008,21,0.14871794871794872
10/15/2008,22,0.041666666666666664
10/15/2008,23,0.041666666666666664
10/15/2008,24,0.041666666666666664
10/16/2008,1,0.041666666666666664
10/16/2008,2,0.041666666666666664
10/16/2008,3,0.041666666666666664
10/16/2008,4,0.041666666666666664
10/16/2008,5,0.041666666666666664
10/16/2008,6,0.041666666666666664
10/16/2008,7,0.09230769230769231
10/16/2008,8,0.14871794871794872
10/16/2008,9,0.041666666666666664
10/16/2008,10,0.010256410256410256
10/16/2008,11,0.005128205128205128
10/16/2008,12,0.041666666666666664
10/16/2008,13,0.041666666666666664
10/16/2008,14,0.005128205128205128
10/16/2008,15,0.005128205128205128
10/16/2008,16,0.005128205128205128
10/16/2008,17,0.07692307692307693
10/16/2008,18,0.19487179487179487
10/16/2008,19,0.07692307692307693
10/16/2008,20,0.23076923076923078
10/16/2008,21,0.14871794871794872
10/16/2008,22,0.041666666666666664
10/16/2008,23,0.041666666666666664
10/16/2008,24,0.041666666666666664
10/17/2008,1,0.041666666666666664
10/17/2008,2,0.041666666666666664
10/17/2008,3,0.041666666666666664
10/17/2008,4,0.041666666666666664
10/17/2008,5,0.041666666666666664
10/17/2008,6,0.041666666666666664
10/17/2008,7,0.09230769230769231
10/17/2008,8,0.14871794871794872
10/17/2008,9,0.041666666666666664
10/17/2008,10,0.010256410256410256
10/17/2008,11,0.005128205128205128
10/17/2008,12,0.041666666666666664
10/17/2008,13,0.041666666666666664
10/17/2008,14,0.005128205128205128
10/17/2008,15,0.005128205128205128
10/17/2008,16,0.005128205128205128
10/17/2008,17,0.07692307692307693
10/17/2008,18,0.19487179487179487
10/17/2008,19,0.07692307692307693
10/17/2008,20,0.23076923076923078
10/17/2008,21,0.14871794871794872
10/17/2008,22,0.041666666666666664
10/17/2008,23,0.041666666666666664
10/17/2008,24,0.041666666666666664
10/18/2008,1,0.041666666666666664
10/18/2008,2,0.041666666666666664
10/18/2008,3,0.041666666666666664
10/18/2008,4,0.041666666666666664
10/18/2008,5,0.041666666666666664
10/18/2008,6,0.041666666666666664
10/18/2008,7,0.041666666666666664
10/18/2008,8,0.11538461538461539
10/18/2008,9,0.1794871794871795
10/18/2008,10,0.041666666666666664
10/18/2008,11,0.041666666666666664
10/18/2008,12,0.041666666666666664
10/18/2008,13,0.041666666666666664
10/18/2008,14,0.041666666666666664
10/18/2008,15,0.041666666666666664
10/18/2008,16,0.038461538461538464
10/18/2008,17,0.24358974358974358
10/18/2008,18,0.10256410256410256
10/18/2008,19,0.0641025641025641
10/18/2008,20,0.10256410256410256
10/18/2008,21,0.15384615384615385
10/18/2008,22,0.041666666666666664
10/18/2008,23,0.041666666666666664
10/18/2008,24,0.041666666666666664
10/19/2008,1,0.041666666666666664
10/19/2008,2,0.041666666666666664
10/19/2008,3,0.041666666666666664
10/19/2008,4,0.041666666666666664
10/19/2008,5,0.041666666666666664
10/19/2008,6,0.041666666666666664
10/19/2008,7,0.041666666666666664
10/19/2008,8,0.11538461538461539
10/19/2008,9,0.1794871794871795
10/19/2008,10,0.041666666666666664
10/19/2008,11,0.041666666666666664
10/19/2008,12,0.041666666666666664
10/19/2008,13,0.041666666666666664
10/19/2008,14,0.041666666666666664
10/19/2008,15,0.041666666666666664
10/19/2008,16,0.038461538461538464
10/19/2008,17,0.24358974358974358
10/19/2008,18,0.10256410256410256
10/19/2008,19,0.0641025641025641
10/19/2008,20,0.10256410256410256
10/19/2008,21,0.15384615384615385
10/19/2008,22,0.041666666666666664
10/19/2008,23,0.041666666666666664
10/19/2008,24,0.041666666666666664
10/20/2008,1,0.041666666666666664
10/20/2008,2,0.041666666666666664
10/20/2008,3,0.041666666666666664
10/20/2008,4,0.041666666666666664
10/20/2008,5,0.041666666666666664
10/20/2008,6,0.041666666666666664
10/20/2008,7,0.09230769230769231
10/20/2008,8,0.14871794871794872
10/20/2008,9,0.041666666666666664
10/20/2008,10,0.010256410256410256
10/20/2008,11,0.005128205128205128
10/20/2008,12,0.041666666666666664
10/20/2008,13,0.041666666666666664
10/20/2008,14,0.005128205128205128
10/20/2008,15,0.005128205128205128
10/20/2008,16,0.005128205128205128
10/20/2008,17,0.07692307692307693
10/20/2008,18,0.19487179487179487
10/20/2008,19,0.07692307692307693
10/20/2008,20,0.23076923076923078
10/20/2008,21,0.14871794871794872
10/20/2008,22,0.041666666666666664
10/20/2008,23,0.041666666666666664
10/20/2008,24,0.041666666666666664
10/21/2008,1,0.041666666666666664
10/21/2008,2,0.041666666666666664
10/21/2008,3,0.041666666666666664
10/21/2008,4,0.041666666666666664
10/21/2008,5,0.041666666666666664
10/21/2008,6,0.041666666666666664
10/21/2008,7,0.09230769230769231
10/21/2008,8,0.14871794871794872
10/21/2008,9,0.041666666666666664
10/21/2008,10,0.010256410256410256
10/21/2008,11,0.005128205128205128
10/21/2008,12,0.041666666666666664
10/21/2008,13,0.041666666666666664
10/21/2008,14,0.005128205128205128
10/21/2008,15,0.005128205128205128
10/21/2008,16,0.005128205128205128
10/21/2008,17,0.07692307692307693
10/21/2008,18,0.19487179487179487
10/21/2008,19,0.07692307692307693
10/21/2008,20,0.23076923076923078
10/21/2008,21,0.14871794871794872
10/21/2008,22,0.041666666666666664
10/21/2008,23,0.041666666666666664
10/21/2008,24,0.041666666666666664
10/22/2008,1,0.041666666666666664
10/22/2008,2,0.041666666666666664
10/22/2008,3,0.041666666666666664
10/22/2008,4,0.041666666666666664
10/22/2008,5,0.041666666666666664
10/22/2008,6,0.041666666666666664
10/22/2008,7,0.09230769230769231
10/22/2008,8,0.14871794871794872
10/22/2008,9,0.041666666666666664
10/22/2008,10,0.010256410256410256
10/22/2008,11,0.005128205128205128
10/22/2008,12,0.041666666666666664
10/22/2008,13,0.041666666666666664
10/22/2008,14,0.005128205128205128
10/22/2008,15,0.005128205128205128
10/22/2008,16,0.005128205128205128
10/22/2008,17,0.07692307692307693
10/22/2008,18,0.19487179487179487
10/22/2008,19,0.07692307692307693
10/22/2008,20,0.23076923076923078
10/22/2008,21,0.14871794871794872
10/22/2008,22,0.041666666666666664
10/22/2008,23,0.041666666666666664
10/22/2008,24,0.041666666666666664
10/23/2008,1,0.041666666666666664
10/23/2008,2,0.041666666666666664
10/23/2008,3,0.041666666666666664
10/23/2008,4,0.041666666666666664
10/23/2008,5,0.041666666666666664
10/23/2008,6,0.041666666666666664
10/23/2008,7,0.09230769230769231
10/23/2008,8,0.14871794871794872
10/23/2008,9,0.041666666666666664
10/23/2008,10,0.010256410256410256
10/23/2008,11,0.005128205128205128
10/23/2008,12,0.041666666666666664
10/23/2008,13,0.041666666666666664
10/23/2008,14,0.005128205128205128
10/23/2008,15,0.005128205128205128
10/23/2008,16,0.005128205128205128
10/23/2008,17,0.07692307692307693
10/23/2008,18,0.19487179487179487
10/23/2008,19,0.07692307692307693
10/23/2008,20,0.23076923076923078
10/23/2008,21,0.14871794871794872
10/23/2008,22,0.041666666666666664
10/23/2008,23,0.041666666666666664
10/23/2008,24,0.041666666666666664
10/24/2008,1,0.041666666666666664
10/24/2008,2,0.041666666666666664
10/24/2008,3,0.041666666666666664
10/24/2008,4,0.041666666666666664
10/24/2008,5,0.041666666666666664
10/24/2008,6,0.041666666666666664
10/24/2008,7,0.09230769230769231
10/24/2008,8,0.14871794871794872
10/24/2008,9,0.041666666666666664
10/24/2008,10,0.010256410256410256
10/24/2008,11,0.005128205128205128
10/24/2008,12,0.041666666666666664
10/24/2008,13,0.041666666666666664
10/24/2008,14,0.005128205128205128
10/24/2008,15,0.005128205128205128
10/24/2008,16,0.005128205128205128
10/24/2008,17,0.07692307692307693
10/24/2008,18,0.19487179487179487
10/24/2008,19,0.07692307692307693
10/24/2008,20,0.23076923076923078
10/24/2008,21,0.14871794871794872
10/24/2008,22,0.041666666666666664
10/24/2008,23,0.041666666666666664
10/24/2008,24,0.041666666666666664
10/25/2008,1,0.041666666666666664
10/25/2008,2,0.041666666666666664
10/25/2008,3,0.041666666666666664
10/25/2008,4,0.041666666666666664
10/25/2008,5,0.041666666666666664
10/25/2008,6,0.041666666666666664
10/25/2008,7,0.041666666666666664
10/25/2008,8,0.11538461538461539
10/25/2008,9,0.1794871794871795
10/25/2008,10,0.041666666666666664
10/25/2008,11,0.041666666666666664
10/25/2008,12,0.041666666666666664
10/25/2008,13,0.041666666666666664
10/25/2008,14,0.041666666666666664
10/25/2008,15,0.041666666666666664
10/25/2008,16,0.038461538461538464
10/25/2008,17,0.24358974358974358
10/25/2008,18,0.10256410256410256
10/25/2008,19,0.0641025641025641
10/25/2008,20,0.10256410256410256
10/25/2008,21,0.15384615384615385
10/25/2008,22,0.041666666666666664
10/25/2008,23,0.041666666666666664
10/25/2008,24,0.041666666666666664
10/26/2008,1,0.041666666666666664
10/26/2008,2,0.041666666666666664
10/26/2008,3,0.041666666666666664
10/26/2008,4,0.041666666666666664
10/26/2008,5,0.041666666666666664
10/26/2008,6,0.041666666666666664
10/26/2008,7,0.041666666666666664
10/26/2008,8,0.11538461538461539
10/26/2008,9,0.1794871794871795
10/26/2008,10,0.041666666666666664
10/26/2008,11,0.041666666666666664
10/26/2008,12,0.041666666666666664
10/26/2008,13,0.041666666666666664
10/26/2008,14,0.041666666666666664
10/26/2008,15,0.041666666666666664
10/26/2008,16,0.038461538461538464
10/26/2008,17,0.24358974358974358
10/26/2008,18,0.10256410256410256
10/26/2008,19,0.0641025641025641
10/26/2008,20,0.10256410256410256
10/26/2008,21,0.15384615384615385
10/26/2008,22,0.041666666666666664
10/26/2008,23,0.041666666666666664
10/26/2008,24,0.041666666666666664
10/27/2008,1,0.041666666666666664
10/27/2008,2,0.041666666666666664
10/27/2008,3,0.041666666666666664
10/27/2008,4,0.041666666666666664
10/27/2008,5,0.041666666666666664
10/27/2008,6,0.041666666666666664
10/27/2008,7,0.09230769230769231
10/27/2008,8,0.14871794871794872
10/27/2008,9,0.041666666666666664
10/27/2008,10,0.010256410256410256
10/27/2008,11,0.005128205128205128
10/27/2008,12,0.041666666666666664
10/27/2008,13,0.041666666666666664
10/27/2008,14,0.005128205128205128
10/27/2008,15,0.005128205128205128
10/27/2008,16,0.005128205128205128
10/27/2008,17,0.07692307692307693
10/27/2008,18,0.19487179487179487
10/27/2008,19,0.07692307692307693
10/27/2008,20,0.23076923076923078
10/27/2008,21,0.14871794871794872
10/27/2008,22,0.041666666666666664
10/27/2008,23,0.041666666666666664
10/27/2008,24,0.041666666666666664
10/28/2008,1,0.041666666666666664
10/28/2008,2,0.041666666666666664
10/28/2008,3,0.041666666666666664
10/28/2008,4,0.041666666666666664
10/28/2008,5,0.041666666666666664
10/28/2008,6,0.041666666666666664
10/28/2008,7,0.09230769230769231
10/28/2008,8,0.14871794871794872
10/28/2008,9,0.041666666666666664
10/28/2008,10,0.010256410256410256
10/28/2008,11,0.005128205128205128
10/28/2008,12,0.041666666666666664
10/28/2008,13,0.041666666666666664
10/28/2008,14,0.005128205128205128
10/28/2008,15,0.005128205128205128
10/28/2008,16,0.005128205128205128
10/28/2008,17,0.07692307692307693
10/28/2008,18,0.19487179487179487
10/28/2008,19,0.07692307692307693
10/28/2008,20,0.23076923076923078
10/28/2008,21,0.14871794871794872
10/28/2008,22,0.041666666666666664
10/28/2008,23,0.041666666666666664
10/28/2008,24,0.041666666666666664
10/29/2008,1,0.041666666666666664
10/29/2008,2,0.041666666666666664
10/29/2008,3,0.041666666666666664
10/29/2008,4,0.041666666666666664
10/29/2008,5,0.041666666666666664
10/29/2008,6,0.041666666666666664
10/29/2008,7,0.09230769230769231
10/29/2008,8,0.14871794871794872
10/29/2008,9,0.041666666666666664
10/29/2008,10,0.010256410256410256
10/29/2008,11,0.005128205128205128
10/29/2008,12,0.041666666666666664
10/29/2008,13,0.041666666666666664
10/29/2008,14,0.005128205128205128
10/29/2008,15,0.005128205128205128
10/29/2008,16,0.005128205128205128
10/29/2008,17,0.07692307692307693
10/29/2008,18,0.19487179487179487
10/29/2008,19,0.07692307692307693
10/29/2008,20,0.23076923076923078
10/29/2008,21,0.14871794871794872
10/29/2008,22,0.041666666666666664
10/29/2008,23,0.041666666666666664
10/29/2008,24,0.041666666666666664
10/30/2008,1,0.041666666666666664
10/30/2008,2,0.041666666666666664
10/30/2008,3,0.041666666666666664
10/30/2008,4,0.041666666666666664
10/30/2008,5,0.041666666666666664
10/30/2008,6,0.041666666666666664
10/30/2008,7,0.09230769230769231
10/30/2008,8,0.14871794871794872
10/30/2008,9,0.041666666666666664
10/30/2008,10,0.010256410256410256
10/30/2008,11,0.005128205128205128
10/30/2008,12,0.041666666666666664
10/30/2008,13,0.041666666666666664
10/30/2008,14,0.005128205128205128
10/30/2008,15,0.005128205128205128
10/30/2008,16,0.005128205128205128
10/30/2008,17,0.07692307692307693
10/30/2008,18,0.19487179487179487
10/30/2008,19,0.07692307692307693
10/30/2008,20,0.23076923076923078
10/30/2008,21,0.14871794871794872
10/30/2008,22,0.041666666666666664
10/30/2008,23,0.041666666666666664
10/30/2008,24,0.041666666666666664
10/31/2008,1,0.041666666666666664
10/31/2008,2,0.041666666666666664
10/31/2008,3,0.041666666666666664
10/31/2008,4,0.041666666666666664
10/31/2008,5,0.041666666666666664
10/31/2008,6,0.041666666666666664
10/31/2008,7,0.09230769230769231
10/31/2008,8,0.14871794871794872
10/31/2008,9,0.041666666666666664
10/31/2008,10,0.010256410256410256
10/31/2008,11,0.005128205128205128
10/31/2008,12,0.041666666666666664
10/31/2008,13,0.041666666666666664
10/31/2008,14,0.005128205128205128
10/31/2008,15,0.005128205128205128
10/31/2008,16,0.005128205128205128
10/31/2008,17,0.07692307692307693
10/31/2008,18,0.19487179487179487
10/31/2008,19,0.07692307692307693
10/31/2008,20,0.23076923076923078
10/31/2008,21,0.14871794871794872
10/31/2008,22,0.041666666666666664
10/31/2008,23,0.041666666666666664
10/31/2008,24,0.041666666666666664
11/1/2008,1,0.041666666666666664
11/1/2008,2,0.041666666666666664
11/1/2008,3,0.041666666666666664
11/1/2008,4,0.041666666666666664
11/1/2008,5,0.041666666666666664
11/1/2008,6,0.041666666666666664
11/1/2008,7,0.041666666666666664
11/1/2008,8,0.11538461538461539
11/1/2008,9,0.1794871794871795
11/1/2008,10,0.041666666666666664
11/1/2008,11,0.041666666666666664
11/1/2008,12,0.041666666666666664
11/1/2008,13,0.041666666666666664
11/1/2008,14,0.041666666666666664
11/1/2008,15,0.041666666666666664
11/1/2008,16,0.038461538461538464
11/1/2008,17,0.24358974358974358
11/1/2008,18,0.10256410256410256
11/1/2008,19,0.0641025641025641
11/1/2008,20,0.10256410256410256
11/1/2008,21,0.15384615384615385
11/1/2008,22,0.041666666666666664
11/1/2008,23,0.041666666666666664
11/1/2008,24,0.041666666666666664
11/2/2008,1,0.041666666666666664
11/2/2008,2,0.041666666666666664
11/2/2008,2,0.041666666666666664
11/2/2008,3,0.041666666666666664
11/2/2008,4,0.041666666666666664
11/2/2008,5,0.041666666666666664
11/2/2008,6,0.041666666666666664
11/2/2008,7,0.041666666666666664
11/2/2008,8,0.11538461538461539
11/2/2008,9,0.1794871794871795
11/2/2008,10,0.041666666666666664
11/2/2008,11,0.041666666666666664
11/2/2008,12,0.041666666666666664
11/2/2008,13,0.041666666666666664
11/2/2008,14,0.041666666666666664
11/2/2008,15,0.041666666666666664
11/2/2008,16,0.038461538461538464
11/2/2008,17,0.24358974358974358
11/2/2008,18,0.10256410256410256
11/2/2008,19,0.0641025641025641
11/2/2008,20,0.10256410256410256
11/2/2008,21,0.15384615384615385
11/2/2008,22,0.041666666666666664
11/2/2008,23,0.041666666666666664
11/2/2008,24,0.041666666666666664
11/3/2008,1,0.041666666666666664
11/3/2008,2,0.041666666666666664
11/3/2008,3,0.041666666666666664
11/3/2008,4,0.041666666666666664
11/3/2008,5,0.041666666666666664
11/3/2008,6,0.041666666666666664
11/3/2008,7,0.09230769230769231
11/3/2008,8,0.14871794871794872
11/3/2008,9,0.041666666666666664
11/3/2008,10,0.010256410256410256
11/3/2008,11,0.005128205128205128
11/3/2008,12,0.041666666666666664
11/3/2008,13,0.041666666666666664
11/3/2008,14,0.005128205128205128
11/3/2008,15,0.005128205128205128
11/3/2008,16,0.005128205128205128
11/3/2008,17,0.07692307692307693
11/3/2008,18,0.19487179487179487
11/3/2008,19,0.07692307692307693
11/3/2008,20,0.23076923076923078
11/3/2008,21,0.14871794871794872
11/3/2008,22,0.041666666666666664
11/3/2008,23,0.041666666666666664
11/3/2008,24,0.041666666666666664
11/4/2008,1,0.041666666666666664
11/4/2008,2,0.041666666666666664
11/4/2008,3,0.041666666666666664
11/4/2008,4,0.041666666666666664
11/4/2008,5,0.041666666666666664
11/4/2008,6,0.041666666666666664
11/4/2008,7,0.09230769230769231
11/4/2008,8,0.14871794871794872
11/4/2008,9,0.041666666666666664
11/4/2008,10,0.010256410256410256
11/4/2008,11,0.005128205128205128
11/4/2008,12,0.041666666666666664
11/4/2008,13,0.041666666666666664
11/4/2008,14,0.005128205128205128
11/4/2008,15,0.005128205128205128
11/4/2008,16,0.005128205128205128
11/4/2008,17,0.07692307692307693
11/4/2008,18,0.19487179487179487
11/4/2008,19,0.07692307692307693
11/4/2008,20,0.23076923076923078
11/4/2008,21,0.14871794871794872
11/4/2008,22,0.041666666666666664
11/4/2008,23,0.041666666666666664
11/4/2008,24,0.041666666666666664
11/5/2008,1,0.041666666666666664
11/5/2008,2,0.041666666666666664
11/5/2008,3,0.041666666666666664
11/5/2008,4,0.041666666666666664
11/5/2008,5,0.041666666666666664
11/5/2008,6,0.041666666666666664
11/5/2008,7,0.09230769230769231
11/5/2008,8,0.14871794871794872
11/5/2008,9,0.041666666666666664
11/5/2008,10,0.010256410256410256
11/5/2008,11,0.005128205128205128
11/5/2008,12,0.041666666666666664
11/5/2008,13,0.041666666666666664
11/5/2008,14,0.005128205128205128
11/5/2008,15,0.005128205128205128
11/5/2008,16,0.005128205128205128
11/5/2008,17,0.07692307692307693
11/5/2008,18,0.19487179487179487
11/5/2008,19,0.07692307692307693
11/5/2008,20,0.23076923076923078
11/5/2008,21,0.14871794871794872
11/5/2008,22,0.041666666666666664
11/5/2008,23,0.041666666666666664
11/5/2008,24,0.041666666666666664
11/6/2008,1,0.041666666666666664
11/6/2008,2,0.041666666666666664
11/6/2008,3,0.041666666666666664
11/6/2008,4,0.041666666666666664
11/6/2008,5,0.041666666666666664
11/6/2008,6,0.041666666666666664
11/6/2008,7,0.09230769230769231
11/6/2008,8,0.14871794871794872
11/6/2008,9,0.041666666666666664
11/6/2008,10,0.010256410256410256
11/6/2008,11,0.005128205128205128
11/6/2008,12,0.041666666666666664
11/6/2008,13,0.041666666666666664
11/6/2008,14,0.005128205128205128
11/6/2008,15,0.005128205128205128
11/6/2008,16,0.005128205128205128
11/6/2008,17,0.07692307692307693
11/6/2008,18,0.19487179487179487
11/6/2008,19,0.07692307692307693
11/6/2008,20,0.23076923076923078
11/6/2008,21,0.14871794871794872
11/6/2008,22,0.041666666666666664
11/6/2008,23,0.041666666666666664
11/6/2008,24,0.041666666666666664
11/7/2008,1,0.041666666666666664
11/7/2008,2,0.041666666666666664
11/7/2008,3,0.041666666666666664
11/7/2008,4,0.041666666666666664
11/7/2008,5,0.041666666666666664
11/7/2008,6,0.041666666666666664
11/7/2008,7,0.09230769230769231
11/7/2008,8,0.14871794871794872
11/7/2008,9,0.041666666666666664
11/7/2008,10,0.010256410256410256
11/7/2008,11,0.005128205128205128
11/7/2008,12,0.041666666666666664
11/7/2008,13,0.041666666666666664
11/7/2008,14,0.005128205128205128
11/7/2008,15,0.005128205128205128
11/7/2008,16,0.005128205128205128
11/7/2008,17,0.07692307692307693
11/7/2008,18,0.19487179487179487
11/7/2008,19,0.07692307692307693
11/7/2008,20,0.23076923076923078
11/7/2008,21,0.14871794871794872
11/7/2008,22,0.041666666666666664
11/7/2008,23,0.041666666666666664
11/7/2008,24,0.041666666666666664
11/8/2008,1,0.041666666666666664
11/8/2008,2,0.041666666666666664
11/8/2008,3,0.041666666666666664
11/8/2008,4,0.041666666666666664
11/8/2008,5,0.041666666666666664
11/8/2008,6,0.041666666666666664
11/8/2008,7,0.041666666666666664
11/8/2008,8,0.11538461538461539
11/8/2008,9,0.1794871794871795
11/8/2008,10,0.041666666666666664
11/8/2008,11,0.041666666666666664
11/8/2008,12,0.041666666666666664
11/8/2008,13,0.041666666666666664
11/8/2008,14,0.041666666666666664
11/8/2008,15,0.041666666666666664
11/8/2008,16,0.038461538461538464
11/8/2008,17,0.24358974358974358
11/8/2008,18,0.10256410256410256
11/8/2008,19,0.0641025641025641
11/8/2008,20,0.10256410256410256
11/8/2008,21,0.15384615384615385
11/8/2008,22,0.041666666666666664
11/8/2008,23,0.041666666666666664
11/8/2008,24,0.041666666666666664
11/9/2008,1,0.041666666666666664
11/9/2008,2,0.041666666666666664
11/9/2008,3,0.041666666666666664
11/9/2008,4,0.041666666666666664
11/9/2008,5,0.041666666666666664
11/9/2008,6,0.041666666666666664
11/9/2008,7,0.041666666666666664
11/9/2008,8,0.11538461538461539
11/9/2008,9,0.1794871794871795
11/9/2008,10,0.041666666666666664
11/9/2008,11,0.041666666666666664
11/9/2008,12,0.041666666666666664
11/9/2008,13,0.041666666666666664
11/9/2008,14,0.041666666666666664
11/9/2008,15,0.041666666666666664
11/9/2008,16,0.038461538461538464
11/9/2008,17,0.24358974358974358
11/9/2008,18,0.10256410256410256
11/9/2008,19,0.0641025641025641
11/9/2008,20,0.10256410256410256
11/9/2008,21,0.15384615384615385
11/9/2008,22,0.041666666666666664
11/9/2008,23,0.041666666666666664
11/9/2008,24,0.041666666666666664
11/10/2008,1,0.041666666666666664
11/10/2008,2,0.041666666666666664
11/10/2008,3,0.041666666666666664
11/10/2008,4,0.041666666666666664
11/10/2008,5,0.041666666666666664
11/10/2008,6,0.041666666666666664
11/10/2008,7,0.09230769230769231
11/10/2008,8,0.14871794871794872
11/10/2008,9,0.041666666666666664
11/10/2008,10,0.010256410256410256
11/10/2008,11,0.005128205128205128
11/10/2008,12,0.041666666666666664
11/10/2008,13,0.041666666666666664
11/10/2008,14,0.005128205128205128
11/10/2008,15,0.005128205128205128
11/10/2008,16,0.005128205128205128
11/10/2008,17,0.07692307692307693
11/10/2008,18,0.19487179487179487
11/10/2008,19,0.07692307692307693
11/10/2008,20,0.23076923076923078
11/10/2008,21,0.14871794871794872
11/10/2008,22,0.041666666666666664
11/10/2008,23,0.041666666666666664
11/10/2008,24,0.041666666666666664
11/11/2008,1,0.041666666666666664
11/11/2008,2,0.041666666666666664
11/11/2008,3,0.041666666666666664
11/11/2008,4,0.041666666666666664
11/11/2008,5,0.041666666666666664
11/11/2008,6,0.041666666666666664
11/11/2008,7,0.09230769230769231
11/11/2008,8,0.14871794871794872
11/11/2008,9,0.041666666666666664
11/11/2008,10,0.010256410256410256
11/11/2008,11,0.005128205128205128
11/11/2008,12,0.041666666666666664
11/11/2008,13,0.041666666666666664
11/11/2008,14,0.005128205128205128
11/11/2008,15,0.005128205128205128
11/11/2008,16,0.005128205128205128
11/11/2008,17,0.07692307692307693
11/11/2008,18,0.19487179487179487
11/11/2008,19,0.07692307692307693
11/11/2008,20,0.23076923076923078
11/11/2008,21,0.14871794871794872
11/11/2008,22,0.041666666666666664
11/11/2008,23,0.041666666666666664
11/11/2008,24,0.041666666666666664
11/12/2008,1,0.041666666666666664
11/12/2008,2,0.041666666666666664
11/12/2008,3,0.041666666666666664
11/12/2008,4,0.041666666666666664
11/12/2008,5,0.041666666666666664
11/12/2008,6,0.041666666666666664
11/12/2008,7,0.09230769230769231
11/12/2008,8,0.14871794871794872
11/12/2008,9,0.041666666666666664
11/12/2008,10,0.010256410256410256
11/12/2008,11,0.005128205128205128
11/12/2008,12,0.041666666666666664
11/12/2008,13,0.041666666666666664
11/12/2008,14,0.005128205128205128
11/12/2008,15,0.005128205128205128
11/12/2008,16,0.005128205128205128
11/12/2008,17,0.07692307692307693
11/12/2008,18,0.19487179487179487
11/12/2008,19,0.07692307692307693
11/12/2008,20,0.23076923076923078
11/12/2008,21,0.14871794871794872
11/12/2008,22,0.041666666666666664
11/12/2008,23,0.041666666666666664
11/12/2008,24,0.041666666666666664
11/13/2008,1,0.041666666666666664
11/13/2008,2,0.041666666666666664
11/13/2008,3,0.041666666666666664
11/13/2008,4,0.041666666666666664
11/13/2008,5,0.041666666666666664
11/13/2008,6,0.041666666666666664
11/13/2008,7,0.09230769230769231
11/13/2008,8,0.14871794871794872
11/13/2008,9,0.041666666666666664
11/13/2008,10,0.010256410256410256
11/13/2008,11,0.005128205128205128
11/13/2008,12,0.041666666666666664
11/13/2008,13,0.041666666666666664
11/13/2008,14,0.005128205128205128
11/13/2008,15,0.005128205128205128
11/13/2008,16,0.005128205128205128
11/13/2008,17,0.07692307692307693
11/13/2008,18,0.19487179487179487
11/13/2008,19,0.07692307692307693
11/13/2008,20,0.23076923076923078
11/13/2008,21,0.14871794871794872
11/13/2008,22,0.041666666666666664
11/13/2008,23,0.041666666666666664
11/13/2008,24,0.041666666666666664
11/14/2008,1,0.041666666666666664
11/14/2008,2,0.041666666666666664
11/14/2008,3,0.041666666666666664
11/14/2008,4,0.041666666666666664
11/14/2008,5,0.041666666666666664
11/14/2008,6,0.041666666666666664
11/14/2008,7,0.09230769230769231
11/14/2008,8,0.14871794871794872
11/14/2008,9,0.041666666666666664
11/14/2008,10,0.010256410256410256
11/14/2008,11,0.005128205128205128
11/14/2008,12,0.041666666666666664
11/14/2008,13,0.041666666666666664
11/14/2008,14,0.005128205128205128
11/14/2008,15,0.005128205128205128
11/14/2008,16,0.005128205128205128
11/14/2008,17,0.07692307692307693
11/14/2008,18,0.19487179487179487
11/14/2008,19,0.07692307692307693
11/14/2008,20,0.23076923076923078
11/14/2008,21,0.14871794871794872
11/14/2008,22,0.041666666666666664
11/14/2008,23,0.041666666666666664
11/14/2008,24,0.041666666666666664
11/15/2008,1,0.041666666666666664
11/15/2008,2,0.041666666666666664
11/15/2008,3,0.041666666666666664
11/15/2008,4,0.041666666666666664
11/15/2008,5,0.041666666666666664
11/15/2008,6,0.041666666666666664
11/15/2008,7,0.041666666666666664
11/15/2008,8,0.11538461538461539
11/15/2008,9,0.1794871794871795
11/15/2008,10,0.041666666666666664
11/15/2008,11,0.041666666666666664
11/15/2008,12,0.041666666666666664
11/15/2008,13,0.041666666666666664
11/15/2008,14,0.041666666666666664
11/15/2008,15,0.041666666666666664
11/15/2008,16,0.038461538461538464
11/15/2008,17,0.24358974358974358
11/15/2008,18,0.10256410256410256
11/15/2008,19,0.0641025641025641
11/15/2008,20,0.10256410256410256
11/15/2008,21,0.15384615384615385
11/15/2008,22,0.041666666666666664
11/15/2008,23,0.041666666666666664
11/15/2008,24,0.041666666666666664
11/16/2008,1,0.041666666666666664
11/16/2008,2,0.041666666666666664
11/16/2008,3,0.041666666666666664
11/16/2008,4,0.041666666666666664
11/16/2008,5,0.041666666666666664
11/16/2008,6,0.041666666666666664
11/16/2008,7,0.041666666666666664
11/16/2008,8,0.11538461538461539
11/16/2008,9,0.1794871794871795
11/16/2008,10,0.041666666666666664
11/16/2008,11,0.041666666666666664
11/16/2008,12,0.041666666666666664
11/16/2008,13,0.041666666666666664
11/16/2008,14,0.041666666666666664
11/16/2008,15,0.041666666666666664
11/16/2008,16,0.038461538461538464
11/16/2008,17,0.24358974358974358
11/16/2008,18,0.10256410256410256
11/16/2008,19,0.0641025641025641
11/16/2008,20,0.10256410256410256
11/16/2008,21,0.15384615384615385
11/16/2008,22,0.041666666666666664
11/16/2008,23,0.041666666666666664
11/16/2008,24,0.041666666666666664
11/17/2008,1,0.041666666666666664
11/17/2008,2,0.041666666666666664
11/17/2008,3,0.041666666666666664
11/17/2008,4,0.041666666666666664
11/17/2008,5,0.041666666666666664
11/17/2008,6,0.041666666666666664
11/17/2008,7,0.09230769230769231
11/17/2008,8,0.14871794871794872
11/17/2008,9,0.041666666666666664
11/17/2008,10,0.010256410256410256
11/17/2008,11,0.005128205128205128
11/17/2008,12,0.041666666666666664
11/17/2008,13,0.041666666666666664
11/17/2008,14,0.005128205128205128
11/17/2008,15,0.005128205128205128
11/17/2008,16,0.005128205128205128
11/17/2008,17,0.07692307692307693
11/17/2008,18,0.19487179487179487
11/17/2008,19,0.07692307692307693
11/17/2008,20,0.23076923076923078
11/17/2008,21,0.14871794871794872
11/17/2008,22,0.041666666666666664
11/17/2008,23,0.041666666666666664
11/17/2008,24,0.041666666666666664
11/18/2008,1,0.041666666666666664
11/18/2008,2,0.041666666666666664
11/18/2008,3,0.041666666666666664
11/18/2008,4,0.041666666666666664
11/18/2008,5,0.041666666666666664
11/18/2008,6,0.041666666666666664
11/18/2008,7,0.09230769230769231
11/18/2008,8,0.14871794871794872
11/18/2008,9,0.041666666666666664
11/18/2008,10,0.010256410256410256
11/18/2008,11,0.005128205128205128
11/18/2008,12,0.041666666666666664
11/18/2008,13,0.041666666666666664
11/18/2008,14,0.005128205128205128
11/18/2008,15,0.005128205128205128
11/18/2008,16,0.005128205128205128
11/18/2008,17,0.07692307692307693
11/18/2008,18,0.19487179487179487
11/18/2008,19,0.07692307692307693
11/18/2008,20,0.23076923076923078
11/18/2008,21,0.14871794871794872
11/18/2008,22,0.041666666666666664
11/18/2008,23,0.041666666666666664
11/18/2008,24,0.041666666666666664
11/19/2008,1,0.041666666666666664
11/19/2008,2,0.041666666666666664
11/19/2008,3,0.041666666666666664
11/19/2008,4,0.041666666666666664
11/19/2008,5,0.041666666666666664
11/19/2008,6,0.041666666666666664
11/19/2008,7,0.09230769230769231
11/19/2008,8,0.14871794871794872
11/19/2008,9,0.041666666666666664
11/19/2008,10,0.010256410256410256
11/19/2008,11,0.005128205128205128
11/19/2008,12,0.041666666666666664
11/19/2008,13,0.041666666666666664
11/19/2008,14,0.005128205128205128
11/19/2008,15,0.005128205128205128
11/19/2008,16,0.005128205128205128
11/19/2008,17,0.07692307692307693
11/19/2008,18,0.19487179487179487
11/19/2008,19,0.07692307692307693
11/19/2008,20,0.23076923076923078
11/19/2008,21,0.14871794871794872
11/19/2008,22,0.041666666666666664
11/19/2008,23,0.041666666666666664
11/19/2008,24,0.041666666666666664
11/20/2008,1,0.041666666666666664
11/20/2008,2,0.041666666666666664
11/20/2008,3,0.041666666666666664
11/20/2008,4,0.041666666666666664
11/20/2008,5,0.041666666666666664
11/20/2008,6,0.041666666666666664
11/20/2008,7,0.09230769230769231
11/20/2008,8,0.14871794871794872
11/20/2008,9,0.041666666666666664
11/20/2008,10,0.010256410256410256
11/20/2008,11,0.005128205128205128
11/20/2008,12,0.041666666666666664
11/20/2008,13,0.041666666666666664
11/20/2008,14,0.005128205128205128
11/20/2008,15,0.005128205128205128
11/20/2008,16,0.005128205128205128
11/20/2008,17,0.07692307692307693
11/20/2008,18,0.19487179487179487
11/20/2008,19,0.07692307692307693
11/20/2008,20,0.23076923076923078
11/20/2008,21,0.14871794871794872
11/20/2008,22,0.041666666666666664
11/20/2008,23,0.041666666666666664
11/20/2008,24,0.041666666666666664
11/21/2008,1,0.041666666666666664
11/21/2008,2,0.041666666666666664
11/21/2008,3,0.041666666666666664
11/21/2008,4,0.041666666666666664
11/21/2008,5,0.041666666666666664
11/21/2008,6,0.041666666666666664
11/21/2008,7,0.09230769230769231
11/21/2008,8,0.14871794871794872
11/21/2008,9,0.041666666666666664
11/21/2008,10,0.010256410256410256
11/21/2008,11,0.005128205128205128
11/21/2008,12,0.041666666666666664
11/21/2008,13,0.041666666666666664
11/21/2008,14,0.005128205128205128
11/21/2008,15,0.005128205128205128
11/21/2008,16,0.005128205128205128
11/21/2008,17,0.07692307692307693
11/21/2008,18,0.19487179487179487
11/21/2008,19,0.07692307692307693
11/21/2008,20,0.23076923076923078
11/21/2008,21,0.14871794871794872
11/21/2008,22,0.041666666666666664
11/21/2008,23,0.041666666666666664
11/21/2008,24,0.041666666666666664
11/22/2008,1,0.041666666666666664
11/22/2008,2,0.041666666666666664
11/22/2008,3,0.041666666666666664
11/22/2008,4,0.041666666666666664
11/22/2008,5,0.041666666666666664
11/22/2008,6,0.041666666666666664
11/22/2008,7,0.041666666666666664
11/22/2008,8,0.11538461538461539
11/22/2008,9,0.1794871794871795
11/22/2008,10,0.041666666666666664
11/22/2008,11,0.041666666666666664
11/22/2008,12,0.041666666666666664
11/22/2008,13,0.041666666666666664
11/22/2008,14,0.041666666666666664
11/22/2008,15,0.041666666666666664
11/22/2008,16,0.038461538461538464
11/22/2008,17,0.24358974358974358
11/22/2008,18,0.10256410256410256
11/22/2008,19,0.0641025641025641
11/22/2008,20,0.10256410256410256
11/22/2008,21,0.15384615384615385
11/22/2008,22,0.041666666666666664
11/22/2008,23,0.041666666666666664
11/22/2008,24,0.041666666666666664
11/23/2008,1,0.041666666666666664
11/23/2008,2,0.041666666666666664
11/23/2008,3,0.041666666666666664
11/23/2008,4,0.041666666666666664
11/23/2008,5,0.041666666666666664
11/23/2008,6,0.041666666666666664
11/23/2008,7,0.041666666666666664
11/23/2008,8,0.11538461538461539
11/23/2008,9,0.1794871794871795
11/23/2008,10,0.041666666666666664
11/23/2008,11,0.041666666666666664
11/23/2008,12,0.041666666666666664
11/23/2008,13,0.041666666666666664
11/23/2008,14,0.041666666666666664
11/23/2008,15,0.041666666666666664
11/23/2008,16,0.038461538461538464
11/23/2008,17,0.24358974358974358
11/23/2008,18,0.10256410256410256
11/23/2008,19,0.0641025641025641
11/23/2008,20,0.10256410256410256
11/23/2008,21,0.15384615384615385
11/23/2008,22,0.041666666666666664
11/23/2008,23,0.041666666666666664
11/23/2008,24,0.041666666666666664
11/24/2008,1,0.041666666666666664
11/24/2008,2,0.041666666666666664
11/24/2008,3,0.041666666666666664
11/24/2008,4,0.041666666666666664
11/24/2008,5,0.041666666666666664
11/24/2008,6,0.041666666666666664
11/24/2008,7,0.09230769230769231
11/24/2008,8,0.14871794871794872
11/24/2008,9,0.041666666666666664
11/24/2008,10,0.010256410256410256
11/24/2008,11,0.005128205128205128
11/24/2008,12,0.041666666666666664
11/24/2008,13,0.041666666666666664
11/24/2008,14,0.005128205128205128
11/24/2008,15,0.005128205128205128
11/24/2008,16,0.005128205128205128
11/24/2008,17,0.07692307692307693
11/24/2008,18,0.19487179487179487
11/24/2008,19,0.07692307692307693
11/24/2008,20,0.23076923076923078
11/24/2008,21,0.14871794871794872
11/24/2008,22,0.041666666666666664
11/24/2008,23,0.041666666666666664
11/24/2008,24,0.041666666666666664
11/25/2008,1,0.041666666666666664
11/25/2008,2,0.041666666666666664
11/25/2008,3,0.041666666666666664
11/25/2008,4,0.041666666666666664
11/25/2008,5,0.041666666666666664
11/25/2008,6,0.041666666666666664
11/25/2008,7,0.09230769230769231
11/25/2008,8,0.14871794871794872
11/25/2008,9,0.041666666666666664
11/25/2008,10,0.010256410256410256
11/25/2008,11,0.005128205128205128
11/25/2008,12,0.041666666666666664
11/25/2008,13,0.041666666666666664
11/25/2008,14,0.005128205128205128
11/25/2008,15,0.005128205128205128
11/25/2008,16,0.005128205128205128
11/25/2008,17,0.07692307692307693
11/25/2008,18,0.19487179487179487
11/25/2008,19,0.07692307692307693
11/25/2008,20,0.23076923076923078
11/25/2008,21,0.14871794871794872
11/25/2008,22,0.041666666666666664
11/25/2008,23,0.041666666666666664
11/25/2008,24,0.041666666666666664
11/26/2008,1,0.041666666666666664
11/26/2008,2,0.041666666666666664
11/26/2008,3,0.041666666666666664
11/26/2008,4,0.041666666666666664
11/26/2008,5,0.041666666666666664
11/26/2008,6,0.041666666666666664
11/26/2008,7,0.09230769230769231
11/26/2008,8,0.14871794871794872
11/26/2008,9,0.041666666666666664
11/26/2008,10,0.010256410256410256
11/26/2008,11,0.005128205128205128
11/26/2008,12,0.041666666666666664
11/26/2008,13,0.041666666666666664
11/26/2008,14,0.005128205128205128
11/26/2008,15,0.005128205128205128
11/26/2008,16,0.005128205128205128
11/26/2008,17,0.07692307692307693
11/26/2008,18,0.19487179487179487
11/26/2008,19,0.07692307692307693
11/26/2008,20,0.23076923076923078
11/26/2008,21,0.14871794871794872
11/26/2008,22,0.041666666666666664
11/26/2008,23,0.041666666666666664
11/26/2008,24,0.041666666666666664
11/27/2008,1,0.041666666666666664
11/27/2008,2,0.041666666666666664
11/27/2008,3,0.041666666666666664
11/27/2008,4,0.041666666666666664
11/27/2008,5,0.041666666666666664
11/27/2008,6,0.041666666666666664
11/27/2008,7,0.09230769230769231
11/27/2008,8,0.14871794871794872
11/27/2008,9,0.041666666666666664
11/27/2008,10,0.010256410256410256
11/27/2008,11,0.005128205128205128
11/27/2008,12,0.041666666666666664
11/27/2008,13,0.041666666666666664
11/27/2008,14,0.005128205128205128
11/27/2008,15,0.005128205128205128
11/27/2008,16,0.005128205128205128
11/27/2008,17,0.07692307692307693
11/27/2008,18,0.19487179487179487
11/27/2008,19,0.07692307692307693
11/27/2008,20,0.23076923076923078
11/27/2008,21,0.14871794871794872
11/27/2008,22,0.041666666666666664
11/27/2008,23,0.041666666666666664
11/27/2008,24,0.041666666666666664
11/28/2008,1,0.041666666666666664
11/28/2008,2,0.041666666666666664
11/28/2008,3,0.041666666666666664
11/28/2008,4,0.041666666666666664
11/28/2008,5,0.041666666666666664
11/28/2008,6,0.041666666666666664
11/28/2008,7,0.09230769230769231
11/28/2008,8,0.14871794871794872
11/28/2008,9,0.041666666666666664
11/28/2008,10,0.010256410256410256
11/28/2008,11,0.005128205128205128
11/28/2008,12,0.041666666666666664
11/28/2008,13,0.041666666666666664
11/28/2008,14,0.005128205128205128
11/28/2008,15,0.005128205128205128
11/28/2008,16,0.005128205128205128
11/28/2008,17,0.07692307692307693
11/28/2008,18,0.19487179487179487
11/28/2008,19,0.07692307692307693
11/28/2008,20,0.23076923076923078
11/28/2008,21,0.14871794871794872
11/28/2008,22,0.041666666666666664
11/28/2008,23,0.041666666666666664
11/28/2008,24,0.041666666666666664
11/29/2008,1,0.041666666666666664
11/29/2008,2,0.041666666666666664
11/29/2008,3,0.041666666666666664
11/29/2008,4,0.041666666666666664
11/29/2008,5,0.041666666666666664
11/29/2008,6,0.041666666666666664
11/29/2008,7,0.041666666666666664
11/29/2008,8,0.11538461538461539
11/29/2008,9,0.1794871794871795
11/29/2008,10,0.041666666666666664
11/29/2008,11,0.041666666666666664
11/29/2008,12,0.041666666666666664
11/29/2008,13,0.041666666666666664
11/29/2008,14,0.041666666666666664
11/29/2008,15,0.041666666666666664
11/29/2008,16,0.038461538461538464
11/29/2008,17,0.24358974358974358
11/29/2008,18,0.10256410256410256
11/29/2008,19,0.0641025641025641
11/29/2008,20,0.10256410256410256
11/29/2008,21,0.15384615384615385
11/29/2008,22,0.041666666666666664
11/29/2008,23,0.041666666666666664
11/29/2008,24,0.041666666666666664
11/30/2008,1,0.041666666666666664
11/30/2008,2,0.041666666666666664
11/30/2008,3,0.041666666666666664
11/30/2008,4,0.041666666666666664
11/30/2008,5,0.041666666666666664
11/30/2008,6,0.041666666666666664
11/30/2008,7,0.041666666666666664
11/30/2008,8,0.11538461538461539
11/30/2008,9,0.1794871794871795
11/30/2008,10,0.041666666666666664
11/30/2008,11,0.041666666666666664
11/30/2008,12,0.041666666666666664
11/30/2008,13,0.041666666666666664
11/30/2008,14,0.041666666666666664
11/30/2008,15,0.041666666666666664
11/30/2008,16,0.038461538461538464
11/30/2008,17,0.24358974358974358
11/30/2008,18,0.10256410256410256
11/30/2008,19,0.0641025641025641
11/30/2008,20,0.10256410256410256
11/30/2008,21,0.15384615384615385
11/30/2008,22,0.041666666666666664
11/30/2008,23,0.041666666666666664
11/30/2008,24,0.041666666666666664
12/1/2008,1,0.041666666666666664
12/1/2008,2,0.041666666666666664
12/1/2008,3,0.041666666666666664
12/1/2008,4,0.041666666666666664
12/1/2008,5,0.041666666666666664
12/1/2008,6,0.041666666666666664
12/1/2008,7,0.08947368421052632
12/1/2008,8,0.5736842105263158
12/1/2008,9,0.015789473684210527
12/1/2008,10,0.041666666666666664
12/1/2008,11,0.005263157894736842
12/1/2008,12,0.005263157894736842
12/1/2008,13,0.041666666666666664
12/1/2008,14,0.041666666666666664
12/1/2008,15,0.041666666666666664
12/1/2008,16,0.041666666666666664
12/1/2008,17,0.041666666666666664
12/1/2008,18,0.041666666666666664
12/1/2008,19,0.1
12/1/2008,20,0.11578947368421053
12/1/2008,21,0.09473684210526316
12/1/2008,22,0.041666666666666664
12/1/2008,23,0.041666666666666664
12/1/2008,24,0.041666666666666664
12/2/2008,1,0.041666666666666664
12/2/2008,2,0.041666666666666664
12/2/2008,3,0.041666666666666664
12/2/2008,4,0.041666666666666664
12/2/2008,5,0.041666666666666664
12/2/2008,6,0.041666666666666664
12/2/2008,7,0.08947368421052632
12/2/2008,8,0.5736842105263158
12/2/2008,9,0.015789473684210527
12/2/2008,10,0.041666666666666664
12/2/2008,11,0.005263157894736842
12/2/2008,12,0.005263157894736842
12/2/2008,13,0.041666666666666664
12/2/2008,14,0.041666666666666664
12/2/2008,15,0.041666666666666664
12/2/2008,16,0.041666666666666664
12/2/2008,17,0.041666666666666664
12/2/2008,18,0.041666666666666664
12/2/2008,19,0.1
12/2/2008,20,0.11578947368421053
12/2/2008,21,0.09473684210526316
12/2/2008,22,0.041666666666666664
12/2/2008,23,0.041666666666666664
12/2/2008,24,0.041666666666666664
12/3/2008,1,0.041666666666666664
12/3/2008,2,0.041666666666666664
12/3/2008,3,0.041666666666666664
12/3/2008,4,0.041666666666666664
12/3/2008,5,0.041666666666666664
12/3/2008,6,0.041666666666666664
12/3/2008,7,0.08947368421052632
12/3/2008,8,0.5736842105263158
12/3/2008,9,0.015789473684210527
12/3/2008,10,0.041666666666666664
12/3/2008,11,0.005263157894736842
12/3/2008,12,0.005263157894736842
12/3/2008,13,0.041666666666666664
12/3/2008,14,0.041666666666666664
12/3/2008,15,0.041666666666666664
12/3/2008,16,0.041666666666666664
12/3/2008,17,0.041666666666666664
12/3/2008,18,0.041666666666666664
12/3/2008,19,0.1
12/3/2008,20,0.11578947368421053
12/3/2008,21,0.09473684210526316
12/3/2008,22,0.041666666666666664
12/3/2008,23,0.041666666666666664
12/3/2008,24,0.041666666666666664
12/4/2008,1,0.041666666666666664
12/4/2008,2,0.041666666666666664
12/4/2008,3,0.041666666666666664
12/4/2008,4,0.041666666666666664
12/4/2008,5,0.041666666666666664
12/4/2008,6,0.041666666666666664
12/4/2008,7,0.08947368421052632
12/4/2008,8,0.5736842105263158
12/4/2008,9,0.015789473684210527
12/4/2008,10,0.041666666666666664
12/4/2008,11,0.005263157894736842
12/4/2008,12,0.005263157894736842
12/4/2008,13,0.041666666666666664
12/4/2008,14,0.041666666666666664
12/4/2008,15,0.041666666666666664
12/4/2008,16,0.041666666666666664
12/4/2008,17,0.041666666666666664
12/4/2008,18,0.041666666666666664
12/4/2008,19,0.1
12/4/2008,20,0.11578947368421053
12/4/2008,21,0.09473684210526316
12/4/2008,22,0.041666666666666664
12/4/2008,23,0.041666666666666664
12/4/2008,24,0.041666666666666664
12/5/2008,1,0.041666666666666664
12/5/2008,2,0.041666666666666664
12/5/2008,3,0.041666666666666664
12/5/2008,4,0.041666666666666664
12/5/2008,5,0.041666666666666664
12/5/2008,6,0.041666666666666664
12/5/2008,7,0.08947368421052632
12/5/2008,8,0.5736842105263158
12/5/2008,9,0.015789473684210527
12/5/2008,10,0.041666666666666664
12/5/2008,11,0.005263157894736842
12/5/2008,12,0.005263157894736842
12/5/2008,13,0.041666666666666664
12/5/2008,14,0.041666666666666664
12/5/2008,15,0.041666666666666664
12/5/2008,16,0.041666666666666664
12/5/2008,17,0.041666666666666664
12/5/2008,18,0.041666666666666664
12/5/2008,19,0.1
12/5/2008,20,0.11578947368421053
12/5/2008,21,0.09473684210526316
12/5/2008,22,0.041666666666666664
12/5/2008,23,0.041666666666666664
12/5/2008,24,0.041666666666666664
12/6/2008,1,0.041666666666666664
12/6/2008,2,0.041666666666666664
12/6/2008,3,0.041666666666666664
12/6/2008,4,0.041666666666666664
12/6/2008,5,0.041666666666666664
12/6/2008,6,0.041666666666666664
12/6/2008,7,0.041666666666666664
12/6/2008,8,0.05
12/6/2008,9,0.4125
12/6/2008,10,0.1375
12/6/2008,11,0.025
12/6/2008,12,0.0125
12/6/2008,13,0.041666666666666664
12/6/2008,14,0.041666666666666664
12/6/2008,15,0.041666666666666664
12/6/2008,16,0.041666666666666664
12/6/2008,17,0.041666666666666664
12/6/2008,18,0.041666666666666664
12/6/2008,19,0.1375
12/6/2008,20,0.0875
12/6/2008,21,0.125
12/6/2008,22,0.0125
12/6/2008,23,0.041666666666666664
12/6/2008,24,0.041666666666666664
12/7/2008,1,0.041666666666666664
12/7/2008,2,0.041666666666666664
12/7/2008,3,0.041666666666666664
12/7/2008,4,0.041666666666666664
12/7/2008,5,0.041666666666666664
12/7/2008,6,0.041666666666666664
12/7/2008,7,0.041666666666666664
12/7/2008,8,0.05
12/7/2008,9,0.4125
12/7/2008,10,0.1375
12/7/2008,11,0.025
12/7/2008,12,0.0125
12/7/2008,13,0.041666666666666664
12/7/2008,14,0.041666666666666664
12/7/2008,15,0.041666666666666664
12/7/2008,16,0.041666666666666664
12/7/2008,17,0.041666666666666664
12/7/2008,18,0.041666666666666664
12/7/2008,19,0.1375
12/7/2008,20,0.0875
12/7/2008,21,0.125
12/7/2008,22,0.0125
12/7/2008,23,0.041666666666666664
12/7/2008,24,0.041666666666666664
12/8/2008,1,0.041666666666666664
12/8/2008,2,0.041666666666666664
12/8/2008,3,0.041666666666666664
12/8/2008,4,0.041666666666666664
12/8/2008,5,0.041666666666666664
12/8/2008,6,0.041666666666666664
12/8/2008,7,0.08947368421052632
12/8/2008,8,0.5736842105263158
12/8/2008,9,0.015789473684210527
12/8/2008,10,0.041666666666666664
12/8/2008,11,0.005263157894736842
12/8/2008,12,0.005263157894736842
12/8/2008,13,0.041666666666666664
12/8/2008,14,0.041666666666666664
12/8/2008,15,0.041666666666666664
12/8/2008,16,0.041666666666666664
12/8/2008,17,0.041666666666666664
12/8/2008,18,0.041666666666666664
12/8/2008,19,0.1
12/8/2008,20,0.11578947368421053
12/8/2008,21,0.09473684210526316
12/8/2008,22,0.041666666666666664
12/8/2008,23,0.041666666666666664
12/8/2008,24,0.041666666666666664
12/9/2008,1,0.041666666666666664
12/9/2008,2,0.041666666666666664
12/9/2008,3,0.041666666666666664
12/9/2008,4,0.041666666666666664
12/9/2008,5,0.041666666666666664
12/9/2008,6,0.041666666666666664
12/9/2008,7,0.08947368421052632
12/9/2008,8,0.5736842105263158
12/9/2008,9,0.015789473684210527
12/9/2008,10,0.041666666666666664
12/9/2008,11,0.005263157894736842
12/9/2008,12,0.005263157894736842
12/9/2008,13,0.041666666666666664
12/9/2008,14,0.041666666666666664
12/9/2008,15,0.041666666666666664
12/9/2008,16,0.041666666666666664
12/9/2008,17,0.041666666666666664
12/9/2008,18,0.041666666666666664
12/9/2008,19,0.1
12/9/2008,20,0.11578947368421053
12/9/2008,21,0.09473684210526316
12/9/2008,22,0.041666666666666664
12/9/2008,23,0.041666666666666664
12/9/2008,24,0.041666666666666664
12/10/2008,1,0.041666666666666664
12/10/2008,2,0.041666666666666664
12/10/2008,3,0.041666666666666664
12/10/2008,4,0.041666666666666664
12/10/2008,5,0.041666666666666664
12/10/2008,6,0.041666666666666664
12/10/2008,7,0.08947368421052632
12/10/2008,8,0.5736842105263158
12/10/2008,9,0.015789473684210527
12/10/2008,10,0.041666666666666664
12/10/2008,11,0.005263157894736842
12/10/2008,12,0.005263157894736842
12/10/2008,13,0.041666666666666664
12/10/2008,14,0.041666666666666664
12/10/2008,15,0.041666666666666664
12/10/2008,16,0.041666666666666664
12/10/2008,17,0.041666666666666664
12/10/2008,18,0.041666666666666664
12/10/2008,19,0.1
12/10/2008,20,0.11578947368421053
12/10/2008,21,0.09473684210526316
12/10/2008,22,0.041666666666666664
12/10/2008,23,0.041666666666666664
12/10/2008,24,0.041666666666666664
12/11/2008,1,0.041666666666666664
12/11/2008,2,0.041666666666666664
12/11/2008,3,0.041666666666666664
12/11/2008,4,0.041666666666666664
12/11/2008,5,0.041666666666666664
12/11/2008,6,0.041666666666666664
12/11/2008,7,0.08947368421052632
12/11/2008,8,0.5736842105263158
12/11/2008,9,0.015789473684210527
12/11/2008,10,0.041666666666666664
12/11/2008,11,0.005263157894736842
12/11/2008,12,0.005263157894736842
12/11/2008,13,0.041666666666666664
12/11/2008,14,0.041666666666666664
12/11/2008,15,0.041666666666666664
12/11/2008,16,0.041666666666666664
12/11/2008,17,0.041666666666666664
12/11/2008,18,0.041666666666666664
12/11/2008,19,0.1
12/11/2008,20,0.11578947368421053
12/11/2008,21,0.09473684210526316
12/11/2008,22,0.041666666666666664
12/11/2008,23,0.041666666666666664
12/11/2008,24,0.041666666666666664
12/12/2008,1,0.041666666666666664
12/12/2008,2,0.041666666666666664
12/12/2008,3,0.041666666666666664
12/12/2008,4,0.041666666666666664
12/12/2008,5,0.041666666666666664
12/12/2008,6,0.041666666666666664
12/12/2008,7,0.08947368421052632
12/12/2008,8,0.5736842105263158
12/12/2008,9,0.015789473684210527
12/12/2008,10,0.041666666666666664
12/12/2008,11,0.005263157894736842
12/12/2008,12,0.005263157894736842
12/12/2008,13,0.041666666666666664
12/12/2008,14,0.041666666666666664
12/12/2008,15,0.041666666666666664
12/12/2008,16,0.041666666666666664
12/12/2008,17,0.041666666666666664
12/12/2008,18,0.041666666666666664
12/12/2008,19,0.1
12/12/2008,20,0.11578947368421053
12/12/2008,21,0.09473684210526316
12/12/2008,22,0.041666666666666664
12/12/2008,23,0.041666666666666664
12/12/2008,24,0.041666666666666664
12/13/2008,1,0.041666666666666664
12/13/2008,2,0.041666666666666664
12/13/2008,3,0.041666666666666664
12/13/2008,4,0.041666666666666664
12/13/2008,5,0.041666666666666664
12/13/2008,6,0.041666666666666664
12/13/2008,7,0.041666666666666664
12/13/2008,8,0.05
12/13/2008,9,0.4125
12/13/2008,10,0.1375
12/13/2008,11,0.025
12/13/2008,12,0.0125
12/13/2008,13,0.041666666666666664
12/13/2008,14,0.041666666666666664
12/13/2008,15,0.041666666666666664
12/13/2008,16,0.041666666666666664
12/13/2008,17,0.041666666666666664
12/13/2008,18,0.041666666666666664
12/13/2008,19,0.1375
12/13/2008,20,0.0875
12/13/2008,21,0.125
12/13/2008,22,0.0125
12/13/2008,23,0.041666666666666664
12/13/2008,24,0.041666666666666664
12/14/2008,1,0.041666666666666664
12/14/2008,2,0.041666666666666664
12/14/2008,3,0.041666666666666664
12/14/2008,4,0.041666666666666664
12/14/2008,5,0.041666666666666664
12/14/2008,6,0.041666666666666664
12/14/2008,7,0.041666666666666664
12/14/2008,8,0.05
12/14/2008,9,0.4125
12/14/2008,10,0.1375
12/14/2008,11,0.025
12/14/2008,12,0.0125
12/14/2008,13,0.041666666666666664
12/14/2008,14,0.041666666666666664
12/14/2008,15,0.041666666666666664
12/14/2008,16,0.041666666666666664
12/14/2008,17,0.041666666666666664
12/14/2008,18,0.041666666666666664
12/14/2008,19,0.1375
12/14/2008,20,0.0875
12/14/2008,21,0.125
12/14/2008,22,0.0125
12/14/2008,23,0.041666666666666664
12/14/2008,24,0.041666666666666664
12/15/2008,1,0.041666666666666664
12/15/2008,2,0.041666666666666664
12/15/2008,3,0.041666666666666664
12/15/2008,4,0.041666666666666664
12/15/2008,5,0.041666666666666664
12/15/2008,6,0.041666666666666664
12/15/2008,7,0.08947368421052632
12/15/2008,8,0.5736842105263158
12/15/2008,9,0.015789473684210527
12/15/2008,10,0.041666666666666664
12/15/2008,11,0.005263157894736842
12/15/2008,12,0.005263157894736842
12/15/2008,13,0.041666666666666664
12/15/2008,14,0.041666666666666664
12/15/2008,15,0.041666666666666664
12/15/2008,16,0.041666666666666664
12/15/2008,17,0.041666666666666664
12/15/2008,18,0.041666666666666664
12/15/2008,19,0.1
12/15/2008,20,0.11578947368421053
12/15/2008,21,0.09473684210526316
12/15/2008,22,0.041666666666666664
12/15/2008,23,0.041666666666666664
12/15/2008,24,0.041666666666666664
12/16/2008,1,0.041666666666666664
12/16/2008,2,0.041666666666666664
12/16/2008,3,0.041666666666666664
12/16/2008,4,0.041666666666666664
12/16/2008,5,0.041666666666666664
12/16/2008,6,0.041666666666666664
12/16/2008,7,0.08947368421052632
12/16/2008,8,0.5736842105263158
12/16/2008,9,0.015789473684210527
12/16/2008,10,0.041666666666666664
12/16/2008,11,0.005263157894736842
12/16/2008,12,0.005263157894736842
12/16/2008,13,0.041666666666666664
12/16/2008,14,0.041666666666666664
12/16/2008,15,0.041666666666666664
12/16/2008,16,0.041666666666666664
12/16/2008,17,0.041666666666666664
12/16/2008,18,0.041666666666666664
12/16/2008,19,0.1
12/16/2008,20,0.11578947368421053
12/16/2008,21,0.09473684210526316
12/16/2008,22,0.041666666666666664
12/16/2008,23,0.041666666666666664
12/16/2008,24,0.041666666666666664
12/17/2008,1,0.041666666666666664
12/17/2008,2,0.041666666666666664
12/17/2008,3,0.041666666666666664
12/17/2008,4,0.041666666666666664
12/17/2008,5,0.041666666666666664
12/17/2008,6,0.041666666666666664
12/17/2008,7,0.08947368421052632
12/17/2008,8,0.5736842105263158
12/17/2008,9,0.015789473684210527
12/17/2008,10,0.041666666666666664
12/17/2008,11,0.005263157894736842
12/17/2008,12,0.005263157894736842
12/17/2008,13,0.041666666666666664
12/17/2008,14,0.041666666666666664
12/17/2008,15,0.041666666666666664
12/17/2008,16,0.041666666666666664
12/17/2008,17,0.041666666666666664
12/17/2008,18,0.041666666666666664
12/17/2008,19,0.1
12/17/2008,20,0.11578947368421053
12/17/2008,21,0.09473684210526316
12/17/2008,22,0.041666666666666664
12/17/2008,23,0.041666666666666664
12/17/2008,24,0.041666666666666664
12/18/2008,1,0.041666666666666664
12/18/2008,2,0.041666666666666664
12/18/2008,3,0.041666666666666664
12/18/2008,4,0.041666666666666664
12/18/2008,5,0.041666666666666664
12/18/2008,6,0.041666666666666664
12/18/2008,7,0.08947368421052632
12/18/2008,8,0.5736842105263158
12/18/2008,9,0.015789473684210527
12/18/2008,10,0.041666666666666664
12/18/2008,11,0.005263157894736842
12/18/2008,12,0.005263157894736842
12/18/2008,13,0.041666666666666664
12/18/2008,14,0.041666666666666664
12/18/2008,15,0.041666666666666664
12/18/2008,16,0.041666666666666664
12/18/2008,17,0.041666666666666664
12/18/2008,18,0.041666666666666664
12/18/2008,19,0.1
12/18/2008,20,0.11578947368421053
12/18/2008,21,0.09473684210526316
12/18/2008,22,0.041666666666666664
12/18/2008,23,0.041666666666666664
12/18/2008,24,0.041666666666666664
12/19/2008,1,0.041666666666666664
12/19/2008,2,0.041666666666666664
12/19/2008,3,0.041666666666666664
12/19/2008,4,0.041666666666666664
12/19/2008,5,0.041666666666666664
12/19/2008,6,0.041666666666666664
12/19/2008,7,0.08947368421052632
12/19/2008,8,0.5736842105263158
12/19/2008,9,0.015789473684210527
12/19/2008,10,0.041666666666666664
12/19/2008,11,0.005263157894736842
12/19/2008,12,0.005263157894736842
12/19/2008,13,0.041666666666666664
12/19/2008,14,0.041666666666666664
12/19/2008,15,0.041666666666666664
12/19/2008,16,0.041666666666666664
12/19/2008,17,0.041666666666666664
12/19/2008,18,0.041666666666666664
12/19/2008,19,0.1
12/19/2008,20,0.11578947368421053
12/19/2008,21,0.09473684210526316
12/19/2008,22,0.041666666666666664
12/19/2008,23,0.041666666666666664
12/19/2008,24,0.041666666666666664
12/20/2008,1,0.041666666666666664
12/20/2008,2,0.041666666666666664
12/20/2008,3,0.041666666666666664
12/20/2008,4,0.041666666666666664
12/20/2008,5,0.041666666666666664
12/20/2008,6,0.041666666666666664
12/20/2008,7,0.041666666666666664
12/20/2008,8,0.05
12/20/2008,9,0.4125
12/20/2008,10,0.1375
12/20/2008,11,0.025
12/20/2008,12,0.0125
12/20/2008,13,0.041666666666666664
12/20/2008,14,0.041666666666666664
12/20/2008,15,0.041666666666666664
12/20/2008,16,0.041666666666666664
12/20/2008,17,0.041666666666666664
12/20/2008,18,0.041666666666666664
12/20/2008,19,0.1375
12/20/2008,20,0.0875
12/20/2008,21,0.125
12/20/2008,22,0.0125
12/20/2008,23,0.041666666666666664
12/20/2008,24,0.041666666666666664
12/21/2008,1,0.041666666666666664
12/21/2008,2,0.041666666666666664
12/21/2008,3,0.041666666666666664
12/21/2008,4,0.041666666666666664
12/21/2008,5,0.041666666666666664
12/21/2008,6,0.041666666666666664
12/21/2008,7,0.041666666666666664
12/21/2008,8,0.05
12/21/2008,9,0.4125
12/21/2008,10,0.1375
12/21/2008,11,0.025
12/21/2008,12,0.0125
12/21/2008,13,0.041666666666666664
12/21/2008,14,0.041666666666666664
12/21/2008,15,0.041666666666666664
12/21/2008,16,0.041666666666666664
12/21/2008,17,0.041666666666666664
12/21/2008,18,0.041666666666666664
12/21/2008,19,0.1375
12/21/2008,20,0.0875
12/21/2008,21,0.125
12/21/2008,22,0.0125
12/21/2008,23,0.041666666666666664
12/21/2008,24,0.041666666666666664
12/22/2008,1,0.041666666666666664
12/22/2008,2,0.041666666666666664
12/22/2008,3,0.041666666666666664
12/22/2008,4,0.041666666666666664
12/22/2008,5,0.041666666666666664
12/22/2008,6,0.041666666666666664
12/22/2008,7,0.08947368421052632
12/22/2008,8,0.5736842105263158
12/22/2008,9,0.015789473684210527
12/22/2008,10,0.041666666666666664
12/22/2008,11,0.005263157894736842
12/22/2008,12,0.005263157894736842
12/22/2008,13,0.041666666666666664
12/22/2008,14,0.041666666666666664
12/22/2008,15,0.041666666666666664
12/22/2008,16,0.041666666666666664
12/22/2008,17,0.041666666666666664
12/22/2008,18,0.041666666666666664
12/22/2008,19,0.1
12/22/2008,20,0.11578947368421053
12/22/2008,21,0.09473684210526316
12/22/2008,22,0.041666666666666664
12/22/2008,23,0.041666666666666664
12/22/2008,24,0.041666666666666664
12/23/2008,1,0.041666666666666664
12/23/2008,2,0.041666666666666664
12/23/2008,3,0.041666666666666664
12/23/2008,4,0.041666666666666664
12/23/2008,5,0.041666666666666664
12/23/2008,6,0.041666666666666664
12/23/2008,7,0.08947368421052632
12/23/2008,8,0.5736842105263158
12/23/2008,9,0.015789473684210527
12/23/2008,10,0.041666666666666664
12/23/2008,11,0.005263157894736842
12/23/2008,12,0.005263157894736842
12/23/2008,13,0.041666666666666664
12/23/2008,14,0.041666666666666664
12/23/2008,15,0.041666666666666664
12/23/2008,16,0.041666666666666664
12/23/2008,17,0.041666666666666664
12/23/2008,18,0.041666666666666664
12/23/2008,19,0.1
12/23/2008,20,0.11578947368421053
12/23/2008,21,0.09473684210526316
12/23/2008,22,0.041666666666666664
12/23/2008,23,0.041666666666666664
12/23/2008,24,0.041666666666666664
12/24/2008,1,0.041666666666666664
12/24/2008,2,0.041666666666666664
12/24/2008,3,0.041666666666666664
12/24/2008,4,0.041666666666666664
12/24/2008,5,0.041666666666666664
12/24/2008,6,0.041666666666666664
12/24/2008,7,0.08947368421052632
12/24/2008,8,0.5736842105263158
12/24/2008,9,0.015789473684210527
12/24/2008,10,0.041666666666666664
12/24/2008,11,0.005263157894736842
12/24/2008,12,0.005263157894736842
12/24/2008,13,0.041666666666666664
12/24/2008,14,0.041666666666666664
12/24/2008,15,0.041666666666666664
12/24/2008,16,0.041666666666666664
12/24/2008,17,0.041666666666666664
12/24/2008,18,0.041666666666666664
12/24/2008,19,0.1
12/24/2008,20,0.11578947368421053
12/24/2008,21,0.09473684210526316
12/24/2008,22,0.041666666666666664
12/24/2008,23,0.041666666666666664
12/24/2008,24,0.041666666666666664
12/25/2008,1,0.041666666666666664
12/25/2008,2,0.041666666666666664
12/25/2008,3,0.041666666666666664
12/25/2008,4,0.041666666666666664
12/25/2008,5,0.041666666666666664
12/25/2008,6,0.041666666666666664
12/25/2008,7,0.08947368421052632
12/25/2008,8,0.5736842105263158
12/25/2008,9,0.015789473684210527
12/25/2008,10,0.041666666666666664
12/25/2008,11,0.005263157894736842
12/25/2008,12,0.005263157894736842
12/25/2008,13,0.041666666666666664
12/25/2008,14,0.041666666666666664
12/25/2008,15,0.041666666666666664
12/25/2008,16,0.041666666666666664
12/25/2008,17,0.041666666666666664
12/25/2008,18,0.041666666666666664
12/25/2008,19,0.1
12/25/2008,20,0.11578947368421053
12/25/2008,21,0.09473684210526316
12/25/2008,22,0.041666666666666664
12/25/2008,23,0.041666666666666664
12/25/2008,24,0.041666666666666664
12/26/2008,1,0.041666666666666664
12/26/2008,2,0.041666666666666664
12/26/2008,3,0.041666666666666664
12/26/2008,4,0.041666666666666664
12/26/2008,5,0.041666666666666664
12/26/2008,6,0.041666666666666664
12/26/2008,7,0.08947368421052632
12/26/2008,8,0.5736842105263158
12/26/2008,9,0.015789473684210527
12/26/2008,10,0.041666666666666664
12/26/2008,11,0.005263157894736842
12/26/2008,12,0.005263157894736842
12/26/2008,13,0.041666666666666664
12/26/2008,14,0.041666666666666664
12/26/2008,15,0.041666666666666664
12/26/2008,16,0.041666666666666664
12/26/2008,17,0.041666666666666664
12/26/2008,18,0.041666666666666664
12/26/2008,19,0.1
12/26/2008,20,0.11578947368421053
12/26/2008,21,0.09473684210526316
12/26/2008,22,0.041666666666666664
12/26/2008,23,0.041666666666666664
12/26/2008,24,0.041666666666666664
12/27/2008,1,0.041666666666666664
12/27/2008,2,0.041666666666666664
12/27/2008,3,0.041666666666666664
12/27/2008,4,0.041666666666666664
12/27/2008,5,0.041666666666666664
12/27/2008,6,0.041666666666666664
12/27/2008,7,0.041666666666666664
12/27/2008,8,0.05
12/27/2008,9,0.4125
12/27/2008,10,0.1375
12/27/2008,11,0.025
12/27/2008,12,0.0125
12/27/2008,13,0.041666666666666664
12/27/2008,14,0.041666666666666664
12/27/2008,15,0.041666666666666664
12/27/2008,16,0.041666666666666664
12/27/2008,17,0.041666666666666664
12/27/2008,18,0.041666666666666664
12/27/2008,19,0.1375
12/27/2008,20,0.0875
12/27/2008,21,0.125
12/27/2008,22,0.0125
12/27/2008,23,0.041666666666666664
12/27/2008,24,0.041666666666666664
12/28/2008,1,0.041666666666666664
12/28/2008,2,0.041666666666666664
12/28/2008,3,0.041666666666666664
12/28/2008,4,0.041666666666666664
12/28/2008,5,0.041666666666666664
12/28/2008,6,0.041666666666666664
12/28/2008,7,0.041666666666666664
12/28/2008,8,0.05
12/28/2008,9,0.4125
12/28/2008,10,0.1375
12/28/2008,11,0.025
12/28/2008,12,0.0125
12/28/2008,13,0.041666666666666664
12/28/2008,14,0.041666666666666664
12/28/2008,15,0.041666666666666664
12/28/2008,16,0.041666666666666664
12/28/2008,17,0.041666666666666664
12/28/2008,18,0.041666666666666664
12/28/2008,19,0.1375
12/28/2008,20,0.0875
12/28/2008,21,0.125
12/28/2008,22,0.0125
12/28/2008,23,0.041666666666666664
12/28/2008,24,0.041666666666666664
12/29/2008,1,0.041666666666666664
12/29/2008,2,0.041666666666666664
12/29/2008,3,0.041666666666666664
12/29/2008,4,0.041666666666666664
12/29/2008,5,0.041666666666666664
12/29/2008,6,0.041666666666666664
12/29/2008,7,0.08947368421052632
12/29/2008,8,0.5736842105263158
12/29/2008,9,0.015789473684210527
12/29/2008,10,0.041666666666666664
12/29/2008,11,0.005263157894736842
12/29/2008,12,0.005263157894736842
12/29/2008,13,0.041666666666666664
12/29/2008,14,0.041666666666666664
12/29/2008,15,0.041666666666666664
12/29/2008,16,0.041666666666666664
12/29/2008,17,0.041666666666666664
12/29/2008,18,0.041666666666666664
12/29/2008,19,0.1
12/29/2008,20,0.11578947368421053
12/29/2008,21,0.09473684210526316
12/29/2008,22,0.041666666666666664
12/29/2008,23,0.041666666666666664
12/29/2008,24,0.041666666666666664
12/30/2008,1,0.041666666666666664
12/30/2008,2,0.041666666666666664
12/30/2008,3,0.041666666666666664
12/30/2008,4,0.041666666666666664
12/30/2008,5,0.041666666666666664
12/30/2008,6,0.041666666666666664
12/30/2008,7,0.08947368421052632
12/30/2008,8,0.5736842105263158
12/30/2008,9,0.015789473684210527
12/30/2008,10,0.041666666666666664
12/30/2008,11,0.005263157894736842
12/30/2008,12,0.005263157894736842
12/30/2008,13,0.041666666666666664
12/30/2008,14,0.041666666666666664
12/30/2008,15,0.041666666666666664
12/30/2008,16,0.041666666666666664
12/30/2008,17,0.041666666666666664
12/30/2008,18,0.041666666666666664
12/30/2008,19,0.1
12/30/2008,20,0.11578947368421053
12/30/2008,21,0.09473684210526316
12/30/2008,22,0.041666666666666664
12/30/2008,23,0.041666666666666664
12/30/2008,24,0.041666666666666664
12/31/2008,1,0.041666666666666664
12/31/2008,2,0.041666666666666664
12/31/2008,3,0.041666666666666664
12/31/2008,4,0.041666666666666664
12/31/2008,5,0.041666666666666664
12/31/2008,6,0.041666666666666664
12/31/2008,7,0.08947368421052632
12/31/2008,8,0.5736842105263158
12/31/2008,9,0.015789473684210527
12/31/2008,10,0.041666666666666664
12/31/2008,11,0.005263157894736842
12/31/2008,12,0.005263157894736842
12/31/2008,13,0.041666666666666664
12/31/2008,14,0.041666666666666664
12/31/2008,15,0.041666666666666664
12/31/2008,16,0.041666666666666664
12/31/2008,17,0.041666666666666664
12/31/2008,18,0.041666666666666664
12/31/2008,19,0.1
12/31/2008,20,0.11578947368421053
12/31/2008,21,0.09473684210526316
12/31/2008,22,0.041666666666666664
12/31/2008,23,0.041666666666666664
12/31/2008,24,0.041666666666666664
